Country Name,Country Code,Indicator Name,Indicator Code,1960,1961,1962,1963,1964,1965,1966,1967,1968,1969,1970,1971,1972,1973,1974,1975,1976,1977,1978,1979,1980,1981,1982,1983,1984,1985,1986,1987,1988,1989,1990,1991,1992,1993,1994,1995,1996,1997,1998,1999,2000,2001,2002,2003,2004,2005,2006,2007,2008,2009,2010,2011,2012,2013,2014,2015,2016,2017,2018,2019,2020,2021
Aruba,ABW,Sex ratio at birth (male births per female births),SP.POP.BRTH.MF,,,1.05,,,,,1.05,,,,,1.05,,,,,1.05,,,,,1.05,,,,,1.05,,,1.05,,1.05,,,,,1.05,,,,,1.05,,,,,1.05,1.05,1.05,1.05,1.05,1.05,1.05,1.05,1.05,1.05,1.05,1.05,1.05,1.05,
Africa Eastern and Southern,AFE,Sex ratio at birth (male births per female births),SP.POP.BRTH.MF,,,1.030649231,,,,,1.030738742,,,,,1.030754097,,,,,1.030793297,,,,,1.030731182,,,,,1.030599541,,,1.030457774,,1.030495093,,,,,1.030182666,,,,,1.030117183,,,,,1.030439854,1.030612803,1.030853895,1.031036261,1.031287655,1.031478977,1.031493585,1.031562232,1.031597514,1.03166705,1.031682327,1.031645221,1.031640915,1.031652676,
Afghanistan,AFG,Sex ratio at birth (male births per female births),SP.POP.BRTH.MF,,,1.06,,,,,1.06,,,,,1.06,,,,,1.06,,,,,1.06,,,,,1.06,,,1.06,,1.06,,,,,1.06,,,,,1.06,,,,,1.06,1.06,1.06,1.06,1.06,1.06,1.06,1.06,1.06,1.06,1.06,1.06,1.06,1.06,
Africa Western and Central,AFW,Sex ratio at birth (male births per female births),SP.POP.BRTH.MF,,,1.048024267,,,,,1.04793531,,,,,1.047896562,,,,,1.047937508,,,,,1.047880543,,,,,1.04769592,,,1.047626188,,1.047620973,,,,,1.047679812,,,,,1.047722454,,,,,1.047774978,1.047798015,1.047823083,1.047848138,1.047871281,1.047891461,1.047906935,1.047917126,1.047921865,1.047922414,1.047920608,1.04791842,1.047917689,1.047919042,
Angola,AGO,Sex ratio at birth (male births per female births),SP.POP.BRTH.MF,,,1.02,,,,,1.02,,,,,1.02,,,,,1.02,,,,,1.02,,,,,1.02,,,1.02,,1.02,,,,,1.02,,,,,1.02,,,,,1.02,1.022,1.024,1.026,1.028,1.03,1.03,1.03,1.03,1.03,1.03,1.03,1.03,1.03,
Albania,ALB,Sex ratio at birth (male births per female births),SP.POP.BRTH.MF,,,1.06,,,,,1.062,,,,,1.066,,,,,1.074,,,,,1.085,,,,,1.08,,,1.084,,1.086,,,,,1.094,,,,,1.116,,,,,1.122,1.118,1.113,1.109,1.104,1.1,1.097,1.094,1.092,1.089,1.086,1.085,1.084,1.084,
Andorra,AND,Sex ratio at birth (male births per female births),SP.POP.BRTH.MF,,,,,,,,,,,,,,,,,,,,,,,,,,,,,,,,,,,,,,,,,,,,,,,,,,,,,,,,,,,,,1.063,
Arab World,ARB,Sex ratio at birth (male births per female births),SP.POP.BRTH.MF,,,1.051494044,,,,,1.051482518,,,,,1.051515586,,,,,1.051207574,,,,,1.050804727,,,,,1.051295134,,,1.051428153,,1.051652789,,,,,1.051721771,,,,,1.053014986,,,,,1.052655527,1.052667541,1.052708591,1.052849783,1.052910803,1.052956007,1.052754322,1.052509389,1.051958535,1.051641494,1.051311389,1.051241276,1.051175123,1.051113555,
United Arab Emirates,ARE,Sex ratio at birth (male births per female births),SP.POP.BRTH.MF,,,1.045,,,,,1.045,,,,,1.045,,,,,1.045,,,,,1.045,,,,,1.045,,,1.045,,1.045,,,,,1.045,,,,,1.045,,,,,1.045,1.045,1.045,1.045,1.045,1.045,1.045,1.045,1.045,1.045,1.045,1.045,1.045,1.045,
Argentina,ARG,Sex ratio at birth (male births per female births),SP.POP.BRTH.MF,,,1.04,,,,,1.04,,,,,1.04,,,,,1.04,,,,,1.04,,,,,1.04,,,1.04,,1.04,,,,,1.04,,,,,1.04,,,,,1.04,1.04,1.04,1.04,1.04,1.04,1.04,1.04,1.04,1.04,1.04,1.04,1.04,1.04,
Armenia,ARM,Sex ratio at birth (male births per female births),SP.POP.BRTH.MF,,,1.064,,,,,1.064,,,,,1.057,,,,,1.052,,,,,1.05,,,,,1.058,,,1.069,,1.077,,,,,1.151,,,,,1.173,,,,,1.151,1.148,1.146,1.143,1.141,1.138,1.133,1.128,1.123,1.118,1.113,1.109,1.106,1.102,
American Samoa,ASM,Sex ratio at birth (male births per female births),SP.POP.BRTH.MF,,,,,,,,,,,,,,,,,,,,,,,,,,,,,,,,,,,,,,,,,,,,,,,,,,,,,,,,,,,,,1.06,
Antigua and Barbuda,ATG,Sex ratio at birth (male births per female births),SP.POP.BRTH.MF,,,1.03,,,,,1.03,,,,,1.03,,,,,1.03,,,,,1.03,,,,,1.03,,,1.03,,1.03,,,,,1.03,,,,,1.03,,,,,1.03,1.03,1.03,1.03,1.03,1.03,1.03,1.03,1.03,1.03,1.03,1.03,1.03,1.03,
Australia,AUS,Sex ratio at birth (male births per female births),SP.POP.BRTH.MF,,,1.058,,,,,1.055,,,,,1.053,,,,,1.056,,,,,1.055,,,,,1.054,,,1.055,,1.056,,,,,1.054,,,,,1.055,,,,,1.056,1.056,1.056,1.057,1.057,1.057,1.057,1.056,1.056,1.055,1.055,1.055,1.055,1.055,
Austria,AUT,Sex ratio at birth (male births per female births),SP.POP.BRTH.MF,,,1.055,,,,,1.055,,,,,1.055,,,,,1.055,,,,,1.055,,,,,1.055,,,1.055,,1.055,,,,,1.055,,,,,1.055,,,,,1.055,1.055,1.055,1.055,1.055,1.055,1.055,1.055,1.055,1.055,1.055,1.055,1.055,1.055,
Azerbaijan,AZE,Sex ratio at birth (male births per female births),SP.POP.BRTH.MF,,,1.062,,,,,1.062,,,,,1.062,,,,,1.062,,,,,1.062,,,,,1.062,,,1.073,,1.08,,,,,1.13,,,,,1.17,,,,,1.166,1.164,1.163,1.161,1.16,1.158,1.151,1.145,1.138,1.132,1.125,1.124,1.123,1.121,
Burundi,BDI,Sex ratio at birth (male births per female births),SP.POP.BRTH.MF,,,1.03,,,,,1.03,,,,,1.03,,,,,1.03,,,,,1.03,,,,,1.03,,,1.03,,1.03,,,,,1.03,,,,,1.03,,,,,1.03,1.03,1.03,1.03,1.03,1.03,1.03,1.03,1.03,1.03,1.03,1.03,1.03,1.03,
Belgium,BEL,Sex ratio at birth (male births per female births),SP.POP.BRTH.MF,,,1.059,,,,,1.059,,,,,1.058,,,,,1.059,,,,,1.057,,,,,1.058,,,1.054,,1.051,,,,,1.043,,,,,1.05,,,,,1.05,1.05,1.05,1.05,1.05,1.05,1.05,1.05,1.05,1.05,1.05,1.05,1.05,1.05,
Benin,BEN,Sex ratio at birth (male births per female births),SP.POP.BRTH.MF,,,1.041,,,,,1.041,,,,,1.041,,,,,1.041,,,,,1.041,,,,,1.041,,,1.041,,1.041,,,,,1.041,,,,,1.041,,,,,1.041,1.041,1.041,1.041,1.041,1.041,1.041,1.041,1.041,1.041,1.041,1.041,1.041,1.041,
Burkina Faso,BFA,Sex ratio at birth (male births per female births),SP.POP.BRTH.MF,,,1.046,,,,,1.046,,,,,1.046,,,,,1.046,,,,,1.046,,,,,1.046,,,1.046,,1.046,,,,,1.046,,,,,1.046,,,,,1.046,1.046,1.046,1.046,1.046,1.046,1.046,1.046,1.046,1.046,1.046,1.046,1.046,1.046,
Bangladesh,BGD,Sex ratio at birth (male births per female births),SP.POP.BRTH.MF,,,1.049,,,,,1.049,,,,,1.049,,,,,1.049,,,,,1.049,,,,,1.049,,,1.049,,1.049,,,,,1.049,,,,,1.049,,,,,1.049,1.049,1.049,1.049,1.049,1.049,1.049,1.049,1.049,1.049,1.049,1.049,1.049,1.049,
Bulgaria,BGR,Sex ratio at birth (male births per female births),SP.POP.BRTH.MF,,,1.058,,,,,1.062,,,,,1.061,,,,,1.061,,,,,1.061,,,,,1.06,,,1.055,,1.052,,,,,1.058,,,,,1.064,,,,,1.057,1.058,1.058,1.059,1.059,1.06,1.06,1.06,1.06,1.06,1.06,1.06,1.06,1.06,
Bahrain,BHR,Sex ratio at birth (male births per female births),SP.POP.BRTH.MF,,,1.05,,,,,1.05,,,,,1.05,,,,,1.05,,,,,1.05,,,,,1.048,,,1.046,,1.045,,,,,1.042,,,,,1.04,,,,,1.038,1.037,1.037,1.036,1.036,1.035,1.036,1.036,1.037,1.037,1.038,1.038,1.039,1.039,
"Bahamas, The",BHS,Sex ratio at birth (male births per female births),SP.POP.BRTH.MF,,,1.057,,,,,1.057,,,,,1.057,,,,,1.057,,,,,1.057,,,,,1.057,,,1.057,,1.057,,,,,1.057,,,,,1.057,,,,,1.057,1.057,1.057,1.057,1.057,1.057,1.057,1.057,1.057,1.057,1.057,1.057,1.057,1.057,
Bosnia and Herzegovina,BIH,Sex ratio at birth (male births per female births),SP.POP.BRTH.MF,,,1.065,,,,,1.065,,,,,1.065,,,,,1.065,,,,,1.065,,,,,1.065,,,1.065,,1.065,,,,,1.065,,,,,1.065,,,,,1.065,1.063,1.06,1.058,1.055,1.053,1.055,1.058,1.06,1.063,1.065,1.062,1.059,1.056,
Belarus,BLR,Sex ratio at birth (male births per female births),SP.POP.BRTH.MF,,,1.06,,,,,1.057,,,,,1.056,,,,,1.053,,,,,1.052,,,,,1.06,,,1.063,,1.065,,,,,1.066,,,,,1.061,,,,,1.063,1.063,1.063,1.064,1.064,1.064,1.064,1.064,1.063,1.063,1.063,1.063,1.063,1.063,
Belize,BLZ,Sex ratio at birth (male births per female births),SP.POP.BRTH.MF,,,1.03,,,,,1.03,,,,,1.03,,,,,1.03,,,,,1.03,,,,,1.03,,,1.03,,1.03,,,,,1.03,,,,,1.03,,,,,1.03,1.03,1.03,1.03,1.03,1.03,1.03,1.03,1.03,1.03,1.03,1.03,1.03,1.03,
Bermuda,BMU,Sex ratio at birth (male births per female births),SP.POP.BRTH.MF,,,,,,,,,,,,,,,,,,,,,,,,,,,,,,,,,,,,,,,,,,,,,,,,,,,,,,,,,,,,,1.04,
Bolivia,BOL,Sex ratio at birth (male births per female births),SP.POP.BRTH.MF,,,1.05,,,,,1.05,,,,,1.05,,,,,1.05,,,,,1.05,,,,,1.05,,,1.05,,1.05,,,,,1.05,,,,,1.05,,,,,1.05,1.05,1.05,1.05,1.05,1.05,1.05,1.05,1.05,1.05,1.05,1.05,1.05,1.05,
Brazil,BRA,Sex ratio at birth (male births per female births),SP.POP.BRTH.MF,,,1.05,,,,,1.05,,,,,1.05,,,,,1.05,,,,,1.05,,,,,1.05,,,1.05,,1.05,,,,,1.05,,,,,1.05,,,,,1.05,1.05,1.05,1.05,1.05,1.05,1.05,1.05,1.05,1.05,1.05,1.05,1.05,1.05,
Barbados,BRB,Sex ratio at birth (male births per female births),SP.POP.BRTH.MF,,,1.036,,,,,1.036,,,,,1.036,,,,,1.036,,,,,1.036,,,,,1.036,,,1.036,,1.036,,,,,1.036,,,,,1.036,,,,,1.036,1.036,1.036,1.036,1.036,1.036,1.036,1.036,1.036,1.036,1.036,1.036,1.036,1.036,
Brunei Darussalam,BRN,Sex ratio at birth (male births per female births),SP.POP.BRTH.MF,,,1.055,,,,,1.055,,,,,1.055,,,,,1.055,,,,,1.055,,,,,1.055,,,1.055,,1.055,,,,,1.055,,,,,1.055,,,,,1.055,1.055,1.055,1.055,1.055,1.055,1.055,1.055,1.055,1.055,1.055,1.055,1.055,1.055,
Bhutan,BTN,Sex ratio at birth (male births per female births),SP.POP.BRTH.MF,,,1.04,,,,,1.04,,,,,1.04,,,,,1.04,,,,,1.04,,,,,1.04,,,1.04,,1.04,,,,,1.04,,,,,1.04,,,,,1.04,1.04,1.04,1.04,1.04,1.04,1.04,1.04,1.04,1.04,1.04,1.04,1.04,1.04,
Botswana,BWA,Sex ratio at birth (male births per female births),SP.POP.BRTH.MF,,,1.031,,,,,1.031,,,,,1.031,,,,,1.031,,,,,1.031,,,,,1.031,,,1.031,,1.031,,,,,1.031,,,,,1.031,,,,,1.031,1.031,1.031,1.031,1.031,1.031,1.031,1.031,1.031,1.031,1.031,1.031,1.031,1.031,
Central African Republic,CAF,Sex ratio at birth (male births per female births),SP.POP.BRTH.MF,,,1.03,,,,,1.03,,,,,1.03,,,,,1.03,,,,,1.03,,,,,1.03,,,1.03,,1.03,,,,,1.03,,,,,1.03,,,,,1.03,1.03,1.03,1.03,1.03,1.03,1.03,1.03,1.03,1.03,1.03,1.03,1.03,1.03,
Canada,CAN,Sex ratio at birth (male births per female births),SP.POP.BRTH.MF,,,1.055,,,,,1.055,,,,,1.06,,,,,1.056,,,,,1.056,,,,,1.052,,,1.054,,1.056,,,,,1.054,,,,,1.054,,,,,1.053,1.053,1.053,1.054,1.054,1.054,1.054,1.054,1.053,1.053,1.053,1.054,1.054,1.055,
Central Europe and the Baltics,CEB,Sex ratio at birth (male births per female births),SP.POP.BRTH.MF,,,1.057138056,,,,,1.057080386,,,,,1.057207386,,,,,1.057196274,,,,,1.056829227,,,,,1.057069849,,,1.056233207,,1.055601025,,,,,1.057469325,,,,,1.057361144,,,,,1.055880022,1.056111608,1.05625679,1.056443458,1.056537521,1.056800146,1.056930301,1.057025167,1.057268454,1.05735025,1.057459414,1.057341787,1.057215651,1.057083174,
Switzerland,CHE,Sex ratio at birth (male births per female births),SP.POP.BRTH.MF,,,1.052,,,,,1.052,,,,,1.052,,,,,1.052,,,,,1.052,,,,,1.052,,,1.052,,1.052,,,,,1.052,,,,,1.052,,,,,1.052,1.052,1.052,1.052,1.052,1.052,1.052,1.052,1.052,1.052,1.052,1.052,1.052,1.052,
Channel Islands,CHI,Sex ratio at birth (male births per female births),SP.POP.BRTH.MF,,,1.057,,,,,1.057,,,,,1.057,,,,,1.057,,,,,1.057,,,,,1.057,,,1.057,,1.057,,,,,1.057,,,,,1.057,,,,,1.057,1.057,1.057,1.057,1.057,1.057,1.057,1.057,1.057,1.057,1.057,1.057,1.057,1.057,
Chile,CHL,Sex ratio at birth (male births per female births),SP.POP.BRTH.MF,,,1.04,,,,,1.04,,,,,1.04,,,,,1.04,,,,,1.04,,,,,1.04,,,1.04,,1.04,,,,,1.04,,,,,1.04,,,,,1.04,1.04,1.04,1.04,1.04,1.04,1.04,1.04,1.04,1.04,1.04,1.04,1.04,1.04,
China,CHN,Sex ratio at birth (male births per female births),SP.POP.BRTH.MF,,,1.07,,,,,1.07,,,,,1.07,,,,,1.07,,,,,1.07,,,,,1.08,,,1.104,,1.12,,,,,1.14,,,,,1.16,,,,,1.17,1.166,1.162,1.158,1.154,1.15,1.146,1.142,1.138,1.134,1.13,1.126,1.122,1.118,
Cote d'Ivoire,CIV,Sex ratio at birth (male births per female births),SP.POP.BRTH.MF,,,1.03,,,,,1.03,,,,,1.03,,,,,1.03,,,,,1.03,,,,,1.03,,,1.03,,1.03,,,,,1.03,,,,,1.03,,,,,1.03,1.03,1.03,1.03,1.03,1.03,1.03,1.03,1.03,1.03,1.03,1.03,1.03,1.03,
Cameroon,CMR,Sex ratio at birth (male births per female births),SP.POP.BRTH.MF,,,1.03,,,,,1.03,,,,,1.03,,,,,1.03,,,,,1.03,,,,,1.03,,,1.03,,1.03,,,,,1.03,,,,,1.03,,,,,1.03,1.03,1.03,1.03,1.03,1.03,1.03,1.03,1.03,1.03,1.03,1.03,1.03,1.03,
"Congo, Dem. Rep.",COD,Sex ratio at birth (male births per female births),SP.POP.BRTH.MF,,,1.03,,,,,1.03,,,,,1.03,,,,,1.03,,,,,1.03,,,,,1.03,,,1.03,,1.03,,,,,1.03,,,,,1.03,,,,,1.03,1.03,1.03,1.03,1.03,1.03,1.03,1.03,1.03,1.03,1.03,1.03,1.03,1.03,
"Congo, Rep.",COG,Sex ratio at birth (male births per female births),SP.POP.BRTH.MF,,,1.03,,,,,1.03,,,,,1.03,,,,,1.03,,,,,1.03,,,,,1.03,,,1.03,,1.03,,,,,1.03,,,,,1.03,,,,,1.03,1.03,1.03,1.03,1.03,1.03,1.03,1.03,1.03,1.03,1.03,1.03,1.03,1.03,
Colombia,COL,Sex ratio at birth (male births per female births),SP.POP.BRTH.MF,,,1.05,,,,,1.05,,,,,1.05,,,,,1.05,,,,,1.05,,,,,1.05,,,1.05,,1.05,,,,,1.05,,,,,1.05,,,,,1.05,1.05,1.05,1.05,1.05,1.05,1.05,1.05,1.05,1.05,1.05,1.05,1.05,1.05,
Comoros,COM,Sex ratio at birth (male births per female births),SP.POP.BRTH.MF,,,1.05,,,,,1.05,,,,,1.05,,,,,1.05,,,,,1.05,,,,,1.05,,,1.05,,1.05,,,,,1.05,,,,,1.05,,,,,1.05,1.05,1.05,1.05,1.05,1.05,1.05,1.05,1.05,1.05,1.05,1.05,1.05,1.05,
Cabo Verde,CPV,Sex ratio at birth (male births per female births),SP.POP.BRTH.MF,,,1.03,,,,,1.03,,,,,1.03,,,,,1.03,,,,,1.03,,,,,1.03,,,1.03,,1.03,,,,,1.03,,,,,1.03,,,,,1.03,1.03,1.03,1.03,1.03,1.03,1.03,1.03,1.03,1.03,1.03,1.03,1.03,1.03,
Costa Rica,CRI,Sex ratio at birth (male births per female births),SP.POP.BRTH.MF,,,1.05,,,,,1.05,,,,,1.05,,,,,1.05,,,,,1.05,,,,,1.05,,,1.05,,1.05,,,,,1.05,,,,,1.05,,,,,1.05,1.05,1.05,1.05,1.05,1.05,1.05,1.05,1.05,1.05,1.05,1.05,1.05,1.05,
Caribbean small states,CSS,Sex ratio at birth (male births per female births),SP.POP.BRTH.MF,,,1.048052569,,,,,1.048508512,,,,,1.048406419,,,,,1.047817178,,,,,1.047646786,,,,,1.04786672,,,1.048164385,,1.048371857,,,,,1.048629518,,,,,1.048549466,,,,,1.048463739,1.048454304,1.048448293,1.048445928,1.048448141,1.048454818,1.048466147,1.048481816,1.048501075,1.048523405,1.048547324,1.048199772,1.047847992,1.047491074,
Cuba,CUB,Sex ratio at birth (male births per female births),SP.POP.BRTH.MF,,,1.057,,,,,1.057,,,,,1.057,,,,,1.057,,,,,1.057,,,,,1.057,,,1.057,,1.057,,,,,1.057,,,,,1.057,,,,,1.057,1.057,1.057,1.057,1.057,1.057,1.057,1.057,1.057,1.057,1.057,1.057,1.057,1.057,
Curacao,CUW,Sex ratio at birth (male births per female births),SP.POP.BRTH.MF,,,1.05,,,,,1.05,,,,,1.05,,,,,1.05,,,,,1.05,,,,,1.05,,,1.05,,1.05,,,,,1.05,,,,,1.05,,,,,1.05,1.05,1.05,1.05,1.05,1.05,1.05,1.05,1.05,1.05,1.05,1.05,1.05,1.05,
Cayman Islands,CYM,Sex ratio at birth (male births per female births),SP.POP.BRTH.MF,,,,,,,,,,,,,,,,,,,,,,,,,,,,,,,,,,,,,,,,,,,,,,,,,,,,,,,,,,,,,1.036,
Cyprus,CYP,Sex ratio at birth (male births per female births),SP.POP.BRTH.MF,,,1.07,,,,,1.07,,,,,1.07,,,,,1.07,,,,,1.07,,,,,1.07,,,1.07,,1.07,,,,,1.07,,,,,1.07,,,,,1.07,1.07,1.07,1.07,1.07,1.07,1.07,1.07,1.07,1.07,1.07,1.07,1.07,1.07,
Czech Republic,CZE,Sex ratio at birth (male births per female births),SP.POP.BRTH.MF,,,1.058,,,,,1.058,,,,,1.058,,,,,1.058,,,,,1.058,,,,,1.058,,,1.058,,1.058,,,,,1.058,,,,,1.058,,,,,1.058,1.058,1.058,1.058,1.058,1.058,1.058,1.058,1.058,1.058,1.058,1.058,1.058,1.058,
Germany,DEU,Sex ratio at birth (male births per female births),SP.POP.BRTH.MF,,,1.059,,,,,1.057,,,,,1.057,,,,,1.057,,,,,1.056,,,,,1.056,,,1.056,,1.056,,,,,1.056,,,,,1.055,,,,,1.054,1.054,1.054,1.053,1.053,1.053,1.053,1.053,1.052,1.052,1.052,1.053,1.054,1.055,
Djibouti,DJI,Sex ratio at birth (male births per female births),SP.POP.BRTH.MF,,,1.039,,,,,1.039,,,,,1.039,,,,,1.039,,,,,1.039,,,,,1.039,,,1.039,,1.039,,,,,1.039,,,,,1.039,,,,,1.039,1.039,1.039,1.039,1.039,1.039,1.039,1.039,1.039,1.039,1.039,1.039,1.039,1.039,
Dominica,DMA,Sex ratio at birth (male births per female births),SP.POP.BRTH.MF,,,,,,,,,,,,,,,,,,,,,,,,,,,,,,,,,,,,,,,,,,,,,,,,,,,,,,,,,,,,,1.036,
Denmark,DNK,Sex ratio at birth (male births per female births),SP.POP.BRTH.MF,,,1.055,,,,,1.062,,,,,1.056,,,,,1.058,,,,,1.05,,,,,1.06,,,1.057,,1.055,,,,,1.056,,,,,1.052,,,,,1.055,1.055,1.055,1.056,1.056,1.056,1.056,1.056,1.056,1.056,1.056,1.056,1.056,1.056,
Dominican Republic,DOM,Sex ratio at birth (male births per female births),SP.POP.BRTH.MF,,,1.05,,,,,1.05,,,,,1.05,,,,,1.05,,,,,1.05,,,,,1.05,,,1.05,,1.05,,,,,1.05,,,,,1.05,,,,,1.05,1.05,1.05,1.05,1.05,1.05,1.05,1.05,1.05,1.05,1.05,1.05,1.05,1.05,
Algeria,DZA,Sex ratio at birth (male births per female births),SP.POP.BRTH.MF,,,1.05,,,,,1.05,,,,,1.05,,,,,1.05,,,,,1.05,,,,,1.05,,,1.05,,1.05,,,,,1.05,,,,,1.05,,,,,1.05,1.05,1.05,1.05,1.05,1.05,1.05,1.05,1.05,1.05,1.05,1.05,1.05,1.05,
East Asia & Pacific (excluding high income),EAP,Sex ratio at birth (male births per female births),SP.POP.BRTH.MF,,,1.064796391,,,,,1.06464014,,,,,1.064461279,,,,,1.062734656,,,,,1.063705515,,,,,1.070636016,,,1.086202008,,1.095097072,,,,,1.107808168,,,,,1.115174823,,,,,1.121902742,1.119968181,1.117511933,1.115384838,1.115825108,1.115724864,1.11122056,1.110194035,1.105356928,1.10540588,1.102028923,1.097165157,1.094145598,1.088909001,
Early-demographic dividend,EAR,Sex ratio at birth (male births per female births),SP.POP.BRTH.MF,,,1.051449638,,,,,1.051864492,,,,,1.052641721,,,,,1.05688513,,,,,1.063872803,,,,,1.067090548,,,1.070678969,,1.073463925,,,,,1.077146476,,,,,1.078787993,,,,,1.072999402,1.072785938,1.072175157,1.072014315,1.071414657,1.071197325,1.071016356,1.070877178,1.070763122,1.070718411,1.070705049,1.071092569,1.0711297,1.071524943,
East Asia & Pacific,EAS,Sex ratio at birth (male births per female births),SP.POP.BRTH.MF,,,1.064333681,,,,,1.064133215,,,,,1.063895296,,,,,1.06237396,,,,,1.063716264,,,,,1.070829201,,,1.085711951,,1.094265618,,,,,1.105195813,,,,,1.111608698,,,,,1.11757269,1.115775726,1.113503635,1.111483718,1.112086913,1.112100511,1.107787405,1.106926915,1.102146155,1.10244775,1.099278887,1.09458688,1.09180797,1.086794005,
Europe & Central Asia (excluding high income),ECA,Sex ratio at birth (male births per female births),SP.POP.BRTH.MF,,,1.05517244,,,,,1.053577502,,,,,1.052497767,,,,,1.052466538,,,,,1.052312352,,,,,1.054055493,,,1.056864601,,1.058902364,,,,,1.061256656,,,,,1.062904053,,,,,1.062964633,1.062709354,1.062367219,1.062754244,1.062597139,1.06230406,1.061927687,1.061614513,1.06136244,1.061035617,1.060600208,1.060086375,1.059714781,1.059296725,
Europe & Central Asia,ECS,Sex ratio at birth (male births per female births),SP.POP.BRTH.MF,,,1.056266142,,,,,1.055641706,,,,,1.055299638,,,,,1.05518391,,,,,1.054638291,,,,,1.055188854,,,1.056617923,,1.057530313,,,,,1.058757584,,,,,1.059344527,,,,,1.05913345,1.059046697,1.058880281,1.058976099,1.058911409,1.058786321,1.058642682,1.058549831,1.058388878,1.058235838,1.057973746,1.057729082,1.057561366,1.057383396,
Ecuador,ECU,Sex ratio at birth (male births per female births),SP.POP.BRTH.MF,,,1.05,,,,,1.05,,,,,1.05,,,,,1.05,,,,,1.05,,,,,1.05,,,1.05,,1.05,,,,,1.05,,,,,1.05,,,,,1.05,1.05,1.05,1.05,1.05,1.05,1.05,1.05,1.05,1.05,1.05,1.05,1.05,1.05,
"Egypt, Arab Rep.",EGY,Sex ratio at birth (male births per female births),SP.POP.BRTH.MF,,,1.06,,,,,1.06,,,,,1.06,,,,,1.06,,,,,1.06,,,,,1.06,,,1.06,,1.06,,,,,1.06,,,,,1.066,,,,,1.066,1.066,1.066,1.066,1.066,1.066,1.065,1.064,1.062,1.061,1.06,1.06,1.06,1.06,
Euro area,EMU,Sex ratio at birth (male births per female births),SP.POP.BRTH.MF,,,1.058442697,,,,,1.058172145,,,,,1.059183372,,,,,1.059272467,,,,,1.058475815,,,,,1.057508374,,,1.057420599,,1.057262443,,,,,1.057465064,,,,,1.056691846,,,,,1.055834927,1.055859641,1.055764075,1.055423178,1.05534683,1.055213089,1.055146193,1.055330334,1.05515037,1.055284707,1.055307037,1.055337959,1.055436903,1.055503395,
Eritrea,ERI,Sex ratio at birth (male births per female births),SP.POP.BRTH.MF,,,1.052,,,,,1.052,,,,,1.052,,,,,1.052,,,,,1.052,,,,,1.052,,,1.052,,1.052,,,,,1.052,,,,,1.052,,,,,1.052,1.052,1.052,1.052,1.052,1.052,1.052,1.052,1.052,1.052,1.052,1.052,1.052,1.052,
Spain,ESP,Sex ratio at birth (male births per female births),SP.POP.BRTH.MF,,,1.064,,,,,1.064,,,,,1.064,,,,,1.064,,,,,1.064,,,,,1.064,,,1.064,,1.064,,,,,1.064,,,,,1.064,,,,,1.064,1.064,1.064,1.064,1.064,1.064,1.064,1.064,1.064,1.064,1.064,1.064,1.064,1.064,
Estonia,EST,Sex ratio at birth (male births per female births),SP.POP.BRTH.MF,,,1.068,,,,,1.052,,,,,1.058,,,,,1.058,,,,,1.052,,,,,1.058,,,1.059,,1.059,,,,,1.066,,,,,1.057,,,,,1.064,1.062,1.06,1.058,1.056,1.054,1.057,1.06,1.062,1.065,1.068,1.067,1.065,1.064,
Ethiopia,ETH,Sex ratio at birth (male births per female births),SP.POP.BRTH.MF,,,1.04,,,,,1.04,,,,,1.04,,,,,1.04,,,,,1.04,,,,,1.04,,,1.04,,1.04,,,,,1.04,,,,,1.04,,,,,1.04,1.04,1.04,1.04,1.04,1.04,1.04,1.04,1.04,1.04,1.04,1.04,1.04,1.04,
European Union,EUU,Sex ratio at birth (male births per female births),SP.POP.BRTH.MF,,,1.058190027,,,,,1.0582213,,,,,1.05884646,,,,,1.058798417,,,,,1.058144792,,,,,1.057551202,,,1.057211324,,1.056887119,,,,,1.057376372,,,,,1.056956796,,,,,1.056099816,1.056156376,1.056088259,1.055864441,1.055786877,1.055727005,1.055671291,1.055843501,1.055740364,1.055875163,1.055906835,1.055931808,1.055998245,1.056043622,
Fragile and conflict affected situations,FCS,Sex ratio at birth (male births per female births),SP.POP.BRTH.MF,,,1.046381445,,,,,1.045887208,,,,,1.045589057,,,,,1.045471852,,,,,1.045442243,,,,,1.045514622,,,1.045503537,,1.045497506,,,,,1.045356758,,,,,1.045185895,,,,,1.045281149,1.045316091,1.045346611,1.045354177,1.045390934,1.045417374,1.045380447,1.045374716,1.045351306,1.045334006,1.045266762,1.045183793,1.045120729,1.045092722,
Finland,FIN,Sex ratio at birth (male births per female births),SP.POP.BRTH.MF,,,1.048,,,,,1.047,,,,,1.052,,,,,1.05,,,,,1.048,,,,,1.047,,,1.043,,1.04,,,,,1.045,,,,,1.05,,,,,1.044,1.045,1.045,1.046,1.046,1.047,1.047,1.047,1.047,1.047,1.047,1.047,1.047,1.047,
Fiji,FJI,Sex ratio at birth (male births per female births),SP.POP.BRTH.MF,,,1.06,,,,,1.06,,,,,1.06,,,,,1.06,,,,,1.06,,,,,1.06,,,1.06,,1.06,,,,,1.06,,,,,1.06,,,,,1.06,1.06,1.06,1.06,1.06,1.06,1.06,1.06,1.06,1.06,1.06,1.06,1.06,1.06,
France,FRA,Sex ratio at birth (male births per female births),SP.POP.BRTH.MF,,,1.048,,,,,1.05,,,,,1.054,,,,,1.054,,,,,1.053,,,,,1.051,,,1.052,,1.052,,,,,1.053,,,,,1.049,,,,,1.047,1.047,1.047,1.047,1.047,1.047,1.047,1.048,1.048,1.049,1.049,1.049,1.049,1.049,
Faroe Islands,FRO,Sex ratio at birth (male births per female births),SP.POP.BRTH.MF,,,,,,,,,,,,,,,,,,,,,,,,,,,,,,,,,,,,,,,,,,,,,,,,,,,,,,,,,,,,,1.067,
"Micronesia, Fed. Sts.",FSM,Sex ratio at birth (male births per female births),SP.POP.BRTH.MF,,,1.07,,,,,1.07,,,,,1.07,,,,,1.07,,,,,1.07,,,,,1.07,,,1.07,,1.07,,,,,1.07,,,,,1.07,,,,,1.07,1.07,1.07,1.07,1.07,1.07,1.068,1.066,1.064,1.062,1.06,1.058,1.056,1.054,
Gabon,GAB,Sex ratio at birth (male births per female births),SP.POP.BRTH.MF,,,1.03,,,,,1.03,,,,,1.03,,,,,1.03,,,,,1.03,,,,,1.03,,,1.03,,1.03,,,,,1.03,,,,,1.03,,,,,1.03,1.03,1.03,1.03,1.03,1.03,1.03,1.03,1.03,1.03,1.03,1.03,1.03,1.03,
United Kingdom,GBR,Sex ratio at birth (male births per female births),SP.POP.BRTH.MF,,,1.051,,,,,1.051,,,,,1.051,,,,,1.051,,,,,1.051,,,,,1.051,,,1.051,,1.051,,,,,1.051,,,,,1.051,,,,,1.051,1.051,1.051,1.051,1.051,1.051,1.051,1.051,1.051,1.051,1.051,1.051,1.051,1.051,
Georgia,GEO,Sex ratio at birth (male births per female births),SP.POP.BRTH.MF,,,1.06,,,,,1.06,,,,,1.06,,,,,1.06,,,,,1.06,,,,,1.076,,,1.076,,1.076,,,,,1.111,,,,,1.11,,,,,1.11,1.105,1.1,1.095,1.09,1.085,1.081,1.077,1.073,1.069,1.065,1.064,1.063,1.062,
Ghana,GHA,Sex ratio at birth (male births per female births),SP.POP.BRTH.MF,,,1.053,,,,,1.053,,,,,1.053,,,,,1.053,,,,,1.053,,,,,1.053,,,1.053,,1.053,,,,,1.053,,,,,1.053,,,,,1.053,1.053,1.053,1.053,1.053,1.053,1.053,1.053,1.053,1.053,1.053,1.053,1.053,1.053,
Gibraltar,GIB,Sex ratio at birth (male births per female births),SP.POP.BRTH.MF,,,,,,,,,,,,,,,,,,,,,,,,,,,,,,,,,,,,,,,,,,,,,,,,,,,,,,,,,,,,,1.065,
Guinea,GIN,Sex ratio at birth (male births per female births),SP.POP.BRTH.MF,,,1.024,,,,,1.024,,,,,1.024,,,,,1.024,,,,,1.024,,,,,1.024,,,1.024,,1.024,,,,,1.024,,,,,1.024,,,,,1.024,1.024,1.024,1.024,1.024,1.024,1.024,1.024,1.024,1.024,1.024,1.024,1.024,1.024,
"Gambia, The",GMB,Sex ratio at birth (male births per female births),SP.POP.BRTH.MF,,,1.03,,,,,1.03,,,,,1.03,,,,,1.03,,,,,1.03,,,,,1.03,,,1.03,,1.03,,,,,1.03,,,,,1.03,,,,,1.03,1.03,1.03,1.03,1.03,1.03,1.03,1.03,1.03,1.03,1.03,1.03,1.03,1.03,
Guinea-Bissau,GNB,Sex ratio at birth (male births per female births),SP.POP.BRTH.MF,,,1.03,,,,,1.03,,,,,1.03,,,,,1.03,,,,,1.03,,,,,1.03,,,1.03,,1.03,,,,,1.03,,,,,1.03,,,,,1.03,1.03,1.03,1.03,1.03,1.03,1.03,1.03,1.03,1.03,1.03,1.03,1.03,1.03,
Equatorial Guinea,GNQ,Sex ratio at birth (male births per female births),SP.POP.BRTH.MF,,,1.03,,,,,1.03,,,,,1.03,,,,,1.03,,,,,1.03,,,,,1.03,,,1.03,,1.03,,,,,1.03,,,,,1.03,,,,,1.03,1.03,1.03,1.03,1.03,1.03,1.03,1.03,1.03,1.03,1.03,1.03,1.03,1.03,
Greece,GRC,Sex ratio at birth (male births per female births),SP.POP.BRTH.MF,,,1.068,,,,,1.069,,,,,1.069,,,,,1.071,,,,,1.076,,,,,1.067,,,1.067,,1.067,,,,,1.062,,,,,1.066,,,,,1.068,1.067,1.066,1.064,1.063,1.062,1.063,1.063,1.064,1.064,1.065,1.065,1.065,1.065,
Grenada,GRD,Sex ratio at birth (male births per female births),SP.POP.BRTH.MF,,,1.05,,,,,1.05,,,,,1.05,,,,,1.05,,,,,1.05,,,,,1.05,,,1.05,,1.05,,,,,1.05,,,,,1.05,,,,,1.05,1.05,1.05,1.05,1.05,1.05,1.05,1.05,1.05,1.05,1.05,1.05,1.05,1.05,
Greenland,GRL,Sex ratio at birth (male births per female births),SP.POP.BRTH.MF,,,,,,,,,,,,,,,,,,,,,,,,,,,,,,,,,,,,,,,,,,,,,,,,,,,,,,,,,,,,,1.05,
Guatemala,GTM,Sex ratio at birth (male births per female births),SP.POP.BRTH.MF,,,1.05,,,,,1.05,,,,,1.05,,,,,1.05,,,,,1.05,,,,,1.05,,,1.05,,1.05,,,,,1.05,,,,,1.05,,,,,1.05,1.05,1.05,1.05,1.05,1.05,1.05,1.05,1.05,1.05,1.05,1.05,1.05,1.05,
Guam,GUM,Sex ratio at birth (male births per female births),SP.POP.BRTH.MF,,,1.058,,,,,1.058,,,,,1.058,,,,,1.058,,,,,1.058,,,,,1.058,,,1.058,,1.058,,,,,1.058,,,,,1.058,,,,,1.058,1.058,1.058,1.058,1.058,1.058,1.058,1.058,1.058,1.058,1.058,1.058,1.058,1.058,
Guyana,GUY,Sex ratio at birth (male births per female births),SP.POP.BRTH.MF,,,1.05,,,,,1.05,,,,,1.05,,,,,1.05,,,,,1.05,,,,,1.05,,,1.05,,1.05,,,,,1.05,,,,,1.05,,,,,1.05,1.05,1.05,1.05,1.05,1.05,1.05,1.05,1.05,1.05,1.05,1.05,1.05,1.05,
High income,HIC,Sex ratio at birth (male births per female births),SP.POP.BRTH.MF,,,1.055152816,,,,,1.055626076,,,,,1.055883124,,,,,1.055504136,,,,,1.055603597,,,,,1.056262573,,,1.056737457,,1.057883085,,,,,1.055523393,,,,,1.053967708,,,,,1.052813448,1.052731495,1.052576601,1.052447241,1.052377233,1.052262964,1.051944916,1.051926123,1.051522179,1.05146214,1.051408679,1.051373313,1.051330538,1.051297553,
"Hong Kong SAR, China",HKG,Sex ratio at birth (male births per female births),SP.POP.BRTH.MF,,,1.074,,,,,1.071,,,,,1.068,,,,,1.07,,,,,1.065,,,,,1.069,,,1.073,,1.075,,,,,1.083,,,,,1.085,,,,,1.129,1.127,1.124,1.122,1.119,1.117,1.109,1.101,1.094,1.086,1.078,1.076,1.075,1.073,
Honduras,HND,Sex ratio at birth (male births per female births),SP.POP.BRTH.MF,,,1.05,,,,,1.05,,,,,1.05,,,,,1.05,,,,,1.05,,,,,1.05,,,1.05,,1.05,,,,,1.05,,,,,1.05,,,,,1.05,1.05,1.05,1.05,1.05,1.05,1.05,1.05,1.05,1.05,1.05,1.05,1.05,1.05,
Heavily indebted poor countries (HIPC),HPC,Sex ratio at birth (male births per female births),SP.POP.BRTH.MF,,,1.036428488,,,,,1.03638215,,,,,1.036242904,,,,,1.036075932,,,,,1.035772826,,,,,1.035403614,,,1.035274582,,1.035388456,,,,,1.035368312,,,,,1.035394055,,,,,1.035660243,1.035698259,1.03579217,1.035836454,1.035938313,1.035988852,1.035985356,1.036019042,1.036023752,1.036050767,1.036036006,1.035980559,1.035940014,1.035927666,
Croatia,HRV,Sex ratio at birth (male births per female births),SP.POP.BRTH.MF,,,1.059,,,,,1.059,,,,,1.059,,,,,1.059,,,,,1.059,,,,,1.059,,,1.059,,1.059,,,,,1.057,,,,,1.059,,,,,1.059,1.061,1.063,1.066,1.068,1.07,1.068,1.066,1.065,1.063,1.061,1.061,1.06,1.06,
Haiti,HTI,Sex ratio at birth (male births per female births),SP.POP.BRTH.MF,,,1.05,,,,,1.05,,,,,1.05,,,,,1.05,,,,,1.05,,,,,1.05,,,1.05,,1.05,,,,,1.05,,,,,1.05,,,,,1.05,1.05,1.05,1.05,1.05,1.05,1.05,1.05,1.05,1.05,1.05,1.05,1.05,1.05,
Hungary,HUN,Sex ratio at birth (male births per female births),SP.POP.BRTH.MF,,,1.06,,,,,1.06,,,,,1.06,,,,,1.06,,,,,1.06,,,,,1.06,,,1.056,,1.053,,,,,1.06,,,,,1.06,,,,,1.054,1.054,1.054,1.053,1.053,1.053,1.054,1.055,1.057,1.058,1.059,1.059,1.059,1.059,
IBRD only,IBD,Sex ratio at birth (male births per female births),SP.POP.BRTH.MF,,,1.058566612,,,,,1.058651055,,,,,1.058959965,,,,,1.060661143,,,,,1.066097698,,,,,1.071702497,,,1.081088145,,1.086857511,,,,,1.09435602,,,,,1.097242221,,,,,1.094989244,1.094119434,1.092680092,1.091823498,1.092141557,1.092482244,1.089997508,1.089734675,1.087105112,1.087561113,1.085983772,1.084017784,1.08285322,1.081012358,
IDA & IBRD total,IBT,Sex ratio at birth (male births per female births),SP.POP.BRTH.MF,,,1.055763617,,,,,1.055668794,,,,,1.055693085,,,,,1.056499289,,,,,1.060512273,,,,,1.064364972,,,1.070771618,,1.074334128,,,,,1.079052357,,,,,1.080137687,,,,,1.077445281,1.076768924,1.075685997,1.07503687,1.075348814,1.075680771,1.073735208,1.073614315,1.071581759,1.072024418,1.070770941,1.069144351,1.068232016,1.066707171,
IDA total,IDA,Sex ratio at birth (male births per female births),SP.POP.BRTH.MF,,,1.044641035,,,,,1.044619954,,,,,1.044492159,,,,,1.044431228,,,,,1.044508185,,,,,1.044301307,,,1.044628823,,1.044901929,,,,,1.046847405,,,,,1.048323114,,,,,1.047071808,1.047055452,1.047056465,1.047148529,1.047159375,1.047155708,1.04720476,1.047268046,1.047316475,1.047347121,1.047344201,1.04731416,1.047281591,1.047232495,
IDA blend,IDB,Sex ratio at birth (male births per female births),SP.POP.BRTH.MF,,,1.055808865,,,,,1.055649813,,,,,1.055451059,,,,,1.055337827,,,,,1.055360109,,,,,1.055437287,,,1.056230908,,1.056746044,,,,,1.062111461,,,,,1.067252338,,,,,1.063259046,1.063177287,1.063107464,1.063402162,1.063383928,1.063390799,1.063451742,1.063528926,1.063611284,1.063687571,1.063744801,1.063767368,1.063780911,1.063736228,
Indonesia,IDN,Sex ratio at birth (male births per female births),SP.POP.BRTH.MF,,,1.05,,,,,1.05,,,,,1.05,,,,,1.05,,,,,1.05,,,,,1.05,,,1.05,,1.05,,,,,1.05,,,,,1.05,,,,,1.05,1.05,1.05,1.05,1.05,1.05,1.05,1.05,1.05,1.05,1.05,1.05,1.05,1.05,
IDA only,IDX,Sex ratio at birth (male births per female births),SP.POP.BRTH.MF,,,1.039689013,,,,,1.039750982,,,,,1.039582293,,,,,1.039360978,,,,,1.03930373,,,,,1.03875325,,,1.038799104,,1.038946455,,,,,1.03925506,,,,,1.038903786,,,,,1.038875583,1.038837616,1.038838345,1.038803624,1.038799062,1.038758951,1.038749117,1.038771807,1.038786301,1.038798604,1.038777855,1.038714971,1.038655947,1.038611724,
Isle of Man,IMN,Sex ratio at birth (male births per female births),SP.POP.BRTH.MF,,,,,,,,,,,,,,,,,,,,,,,,,,,,,,,,,,,,,,,,,,,,,,,,,,,,,,,,,,,,,1.05,
India,IND,Sex ratio at birth (male births per female births),SP.POP.BRTH.MF,,,1.054,,,,,1.055,,,,,1.057,,,,,1.067,,,,,1.084,,,,,1.092,,,1.1,,1.106,,,,,1.111,,,,,1.112,,,,,1.101,1.101,1.1,1.1,1.099,1.099,1.099,1.099,1.099,1.099,1.099,1.1,1.1,1.101,
Not classified,INX,Sex ratio at birth (male births per female births),SP.POP.BRTH.MF,,,,,,,,,,,,,,,,,,,,,,,,,,,,,,,,,,,,,,,,,,,,,,,,,,,,,,,,,,,,,,
Ireland,IRL,Sex ratio at birth (male births per female births),SP.POP.BRTH.MF,,,1.07,,,,,1.07,,,,,1.07,,,,,1.07,,,,,1.07,,,,,1.07,,,1.07,,1.07,,,,,1.07,,,,,1.07,,,,,1.06,1.06,1.06,1.06,1.06,1.06,1.06,1.06,1.06,1.06,1.06,1.058,1.056,1.054,
"Iran, Islamic Rep.",IRN,Sex ratio at birth (male births per female births),SP.POP.BRTH.MF,,,1.05,,,,,1.05,,,,,1.05,,,,,1.05,,,,,1.04,,,,,1.04,,,1.04,,1.04,,,,,1.04,,,,,1.043,,,,,1.05,1.05,1.051,1.051,1.052,1.052,1.052,1.052,1.052,1.052,1.052,1.052,1.052,1.052,
Iraq,IRQ,Sex ratio at birth (male births per female births),SP.POP.BRTH.MF,,,1.065,,,,,1.065,,,,,1.065,,,,,1.065,,,,,1.065,,,,,1.065,,,1.065,,1.065,,,,,1.065,,,,,1.065,,,,,1.065,1.065,1.065,1.065,1.065,1.065,1.065,1.065,1.065,1.065,1.065,1.065,1.065,1.065,
Iceland,ISL,Sex ratio at birth (male births per female births),SP.POP.BRTH.MF,,,1.045,,,,,1.053,,,,,1.066,,,,,1.053,,,,,1.054,,,,,1.057,,,1.058,,1.058,,,,,1.042,,,,,1.043,,,,,1.05,1.051,1.051,1.052,1.052,1.053,1.053,1.053,1.053,1.053,1.053,1.053,1.053,1.053,
Israel,ISR,Sex ratio at birth (male births per female births),SP.POP.BRTH.MF,,,1.063,,,,,1.061,,,,,1.055,,,,,1.053,,,,,1.056,,,,,1.051,,,1.054,,1.056,,,,,1.058,,,,,1.054,,,,,1.053,1.053,1.054,1.054,1.055,1.055,1.055,1.054,1.054,1.053,1.053,1.053,1.053,1.053,
Italy,ITA,Sex ratio at birth (male births per female births),SP.POP.BRTH.MF,,,1.063,,,,,1.063,,,,,1.063,,,,,1.063,,,,,1.063,,,,,1.063,,,1.063,,1.063,,,,,1.063,,,,,1.063,,,,,1.063,1.063,1.063,1.063,1.063,1.063,1.063,1.063,1.063,1.063,1.063,1.063,1.063,1.063,
Jamaica,JAM,Sex ratio at birth (male births per female births),SP.POP.BRTH.MF,,,1.05,,,,,1.05,,,,,1.05,,,,,1.05,,,,,1.05,,,,,1.05,,,1.05,,1.05,,,,,1.05,,,,,1.05,,,,,1.05,1.05,1.05,1.05,1.05,1.05,1.05,1.05,1.05,1.05,1.05,1.05,1.05,1.05,
Jordan,JOR,Sex ratio at birth (male births per female births),SP.POP.BRTH.MF,,,1.054,,,,,1.054,,,,,1.054,,,,,1.054,,,,,1.054,,,,,1.054,,,1.054,,1.054,,,,,1.054,,,,,1.054,,,,,1.054,1.054,1.054,1.054,1.054,1.054,1.054,1.054,1.054,1.054,1.054,1.054,1.054,1.054,
Japan,JPN,Sex ratio at birth (male births per female births),SP.POP.BRTH.MF,,,1.056,,,,,1.056,,,,,1.056,,,,,1.056,,,,,1.056,,,,,1.056,,,1.056,,1.056,,,,,1.056,,,,,1.056,,,,,1.056,1.056,1.056,1.056,1.056,1.056,1.056,1.056,1.056,1.056,1.056,1.056,1.056,1.056,
Kazakhstan,KAZ,Sex ratio at birth (male births per female births),SP.POP.BRTH.MF,,,1.065,,,,,1.065,,,,,1.065,,,,,1.065,,,,,1.065,,,,,1.06,,,1.06,,1.06,,,,,1.063,,,,,1.057,,,,,1.06,1.06,1.06,1.061,1.061,1.061,1.062,1.063,1.065,1.066,1.067,1.066,1.065,1.063,
Kenya,KEN,Sex ratio at birth (male births per female births),SP.POP.BRTH.MF,,,1.03,,,,,1.03,,,,,1.03,,,,,1.03,,,,,1.03,,,,,1.03,,,1.03,,1.03,,,,,1.03,,,,,1.03,,,,,1.03,1.03,1.03,1.03,1.03,1.03,1.03,1.03,1.03,1.03,1.03,1.03,1.03,1.03,
Kyrgyz Republic,KGZ,Sex ratio at birth (male births per female births),SP.POP.BRTH.MF,,,1.056,,,,,1.056,,,,,1.056,,,,,1.056,,,,,1.056,,,,,1.051,,,1.053,,1.054,,,,,1.065,,,,,1.05,,,,,1.06,1.06,1.059,1.059,1.058,1.058,1.058,1.058,1.058,1.058,1.058,1.058,1.058,1.058,
Cambodia,KHM,Sex ratio at birth (male births per female births),SP.POP.BRTH.MF,,,1.041,,,,,1.043,,,,,1.041,,,,,1.04,,,,,1.049,,,,,1.035,,,1.036,,1.036,,,,,1.037,,,,,1.034,,,,,1.064,1.061,1.058,1.055,1.052,1.049,1.049,1.049,1.049,1.049,1.049,1.05,1.051,1.052,
Kiribati,KIR,Sex ratio at birth (male births per female births),SP.POP.BRTH.MF,,,1.05,,,,,1.05,,,,,1.05,,,,,1.05,,,,,1.07,,,,,1.07,,,1.07,,1.07,,,,,1.07,,,,,1.07,,,,,1.07,1.07,1.07,1.07,1.07,1.07,1.068,1.066,1.064,1.062,1.06,1.058,1.056,1.054,
St. Kitts and Nevis,KNA,Sex ratio at birth (male births per female births),SP.POP.BRTH.MF,,,,,,,,,,,,,,,,,,,,,,,,,,,,,,,,,,,,,,,,,,,,,,,,,,,,,,,,,,,,,,
"Korea, Rep.",KOR,Sex ratio at birth (male births per female births),SP.POP.BRTH.MF,,,1.063,,,,,1.063,,,,,1.062,,,,,1.062,,,,,1.078,,,,,1.118,,,1.132,,1.142,,,,,1.104,,,,,1.09,,,,,1.067,1.065,1.063,1.061,1.059,1.057,1.057,1.056,1.056,1.055,1.055,1.055,1.055,1.055,
Kuwait,KWT,Sex ratio at birth (male births per female births),SP.POP.BRTH.MF,,,1.038,,,,,1.04,,,,,1.04,,,,,1.04,,,,,1.04,,,,,1.04,,,1.04,,1.04,,,,,1.042,,,,,1.045,,,,,1.045,1.045,1.045,1.045,1.045,1.045,1.045,1.045,1.045,1.045,1.045,1.045,1.045,1.045,
Latin America & Caribbean (excluding high income),LAC,Sex ratio at birth (male births per female births),SP.POP.BRTH.MF,,,1.049648314,,,,,1.04965582,,,,,1.049583595,,,,,1.049468638,,,,,1.049470068,,,,,1.049470977,,,1.04944933,,1.049437827,,,,,1.049433624,,,,,1.049405203,,,,,1.049357969,1.049350166,1.049343101,1.049338707,1.049332289,1.049326571,1.049321374,1.049316602,1.049312158,1.049307941,1.049304014,1.049295623,1.049286998,1.049277899,
Lao PDR,LAO,Sex ratio at birth (male births per female births),SP.POP.BRTH.MF,,,1.05,,,,,1.05,,,,,1.05,,,,,1.05,,,,,1.05,,,,,1.05,,,1.05,,1.05,,,,,1.05,,,,,1.05,,,,,1.05,1.05,1.05,1.05,1.05,1.05,1.05,1.05,1.05,1.05,1.05,1.05,1.05,1.05,
Lebanon,LBN,Sex ratio at birth (male births per female births),SP.POP.BRTH.MF,,,1.05,,,,,1.05,,,,,1.05,,,,,1.05,,,,,1.05,,,,,1.05,,,1.05,,1.05,,,,,1.05,,,,,1.05,,,,,1.05,1.05,1.05,1.05,1.05,1.05,1.05,1.05,1.05,1.05,1.05,1.05,1.05,1.05,
Liberia,LBR,Sex ratio at birth (male births per female births),SP.POP.BRTH.MF,,,1.054,,,,,1.054,,,,,1.054,,,,,1.054,,,,,1.054,,,,,1.054,,,1.054,,1.054,,,,,1.054,,,,,1.054,,,,,1.054,1.054,1.054,1.054,1.054,1.054,1.054,1.054,1.054,1.054,1.054,1.054,1.054,1.054,
Libya,LBY,Sex ratio at birth (male births per female births),SP.POP.BRTH.MF,,,1.054,,,,,1.054,,,,,1.054,,,,,1.054,,,,,1.054,,,,,1.054,,,1.056,,1.058,,,,,1.061,,,,,1.062,,,,,1.059,1.059,1.059,1.06,1.06,1.06,1.06,1.06,1.06,1.06,1.06,1.06,1.06,1.06,
St. Lucia,LCA,Sex ratio at birth (male births per female births),SP.POP.BRTH.MF,,,1.03,,,,,1.03,,,,,1.03,,,,,1.03,,,,,1.03,,,,,1.03,,,1.03,,1.03,,,,,1.03,,,,,1.03,,,,,1.03,1.03,1.03,1.03,1.03,1.03,1.03,1.03,1.03,1.03,1.03,1.03,1.03,1.03,
Latin America & Caribbean,LCN,Sex ratio at birth (male births per female births),SP.POP.BRTH.MF,,,1.049345968,,,,,1.049383132,,,,,1.049343429,,,,,1.049260221,,,,,1.049268293,,,,,1.049263624,,,1.049240553,,1.049231899,,,,,1.049247207,,,,,1.049234174,,,,,1.04918266,1.049173001,1.049164376,1.049158415,1.049151872,1.049146645,1.049142687,1.049139552,1.049136238,1.049132599,1.049128116,1.049119457,1.049111206,1.049102411,
Least developed countries: UN classification,LDC,Sex ratio at birth (male births per female births),SP.POP.BRTH.MF,,,1.038397201,,,,,1.038509033,,,,,1.038345824,,,,,1.03809354,,,,,1.038016301,,,,,1.037412041,,,1.037422176,,1.037567938,,,,,1.037868646,,,,,1.037489055,,,,,1.03733181,1.037347843,1.037414365,1.037447084,1.037531739,1.037579604,1.037583845,1.037619358,1.037648384,1.037678102,1.037672107,1.037607045,1.037553948,1.037525211,
Low income,LIC,Sex ratio at birth (male births per female births),SP.POP.BRTH.MF,,,1.037194872,,,,,1.037242074,,,,,1.03710191,,,,,1.036735399,,,,,1.036399509,,,,,1.036035654,,,1.035918214,,1.036074774,,,,,1.036036381,,,,,1.036061561,,,,,1.036423899,1.036478735,1.036593855,1.036641024,1.036750125,1.036793376,1.036770621,1.036795344,1.0367894,1.036814265,1.036790779,1.036720306,1.03667086,1.036658859,
Liechtenstein,LIE,Sex ratio at birth (male births per female births),SP.POP.BRTH.MF,,,,,,,,,,,,,,,,,,,,,,,,,,,,,,,,,,,,,,,,,,,,,,,,,,,,,,,,,,,,,1.037,
Sri Lanka,LKA,Sex ratio at birth (male births per female births),SP.POP.BRTH.MF,,,1.036,,,,,1.035,,,,,1.038,,,,,1.04,,,,,1.045,,,,,1.046,,,1.042,,1.039,,,,,1.044,,,,,1.045,,,,,1.044,1.043,1.042,1.042,1.041,1.04,1.04,1.04,1.039,1.039,1.039,1.04,1.041,1.041,
Lower middle income,LMC,Sex ratio at birth (male births per female births),SP.POP.BRTH.MF,,,1.052454076,,,,,1.052756993,,,,,1.053546037,,,,,1.05779668,,,,,1.06485243,,,,,1.068122601,,,1.071705378,,1.074422959,,,,,1.077990974,,,,,1.079368683,,,,,1.073940845,1.073736941,1.073143845,1.073018075,1.072444673,1.072257836,1.07202431,1.071808094,1.071625185,1.071488528,1.071396598,1.071565208,1.07139468,1.071575373,
Low & middle income,LMY,Sex ratio at birth (male births per female births),SP.POP.BRTH.MF,,,1.055817154,,,,,1.055709586,,,,,1.055733114,,,,,1.056558548,,,,,1.060622677,,,,,1.064514004,,,1.070970094,,1.074557015,,,,,1.079288583,,,,,1.080368224,,,,,1.077669282,1.076993884,1.075901366,1.075243505,1.075546796,1.075876375,1.073912908,1.073789491,1.071740437,1.072182354,1.070920328,1.069277676,1.068355044,1.066816472,
Lesotho,LSO,Sex ratio at birth (male births per female births),SP.POP.BRTH.MF,,,1.027,,,,,1.026,,,,,1.027,,,,,1.028,,,,,1.028,,,,,1.029,,,1.029,,1.029,,,,,1.029,,,,,1.03,,,,,1.029,1.029,1.028,1.028,1.027,1.027,1.027,1.027,1.027,1.027,1.027,1.027,1.027,1.028,
Late-demographic dividend,LTE,Sex ratio at birth (male births per female births),SP.POP.BRTH.MF,,,1.063952231,,,,,1.063945162,,,,,1.063987556,,,,,1.062282956,,,,,1.063065814,,,,,1.069951181,,,1.085131533,,1.094203724,,,,,1.107920985,,,,,1.116979206,,,,,1.123550575,1.121233436,1.118676752,1.116593943,1.116960944,1.116518484,1.112041185,1.110760822,1.105887338,1.105823578,1.102669415,1.097906804,1.095014536,1.089955888,
Lithuania,LTU,Sex ratio at birth (male births per female births),SP.POP.BRTH.MF,,,1.054,,,,,1.048,,,,,1.044,,,,,1.047,,,,,1.053,,,,,1.058,,,1.056,,1.054,,,,,1.063,,,,,1.057,,,,,1.047,1.048,1.049,1.05,1.051,1.052,1.054,1.055,1.057,1.058,1.06,1.058,1.057,1.055,
Luxembourg,LUX,Sex ratio at birth (male births per female births),SP.POP.BRTH.MF,,,1.043,,,,,1.048,,,,,1.04,,,,,1.049,,,,,1.045,,,,,1.052,,,1.049,,1.047,,,,,1.053,,,,,1.049,,,,,1.054,1.052,1.051,1.049,1.048,1.046,1.046,1.046,1.046,1.046,1.046,1.046,1.046,1.046,
Latvia,LVA,Sex ratio at birth (male births per female births),SP.POP.BRTH.MF,,,1.067,,,,,1.057,,,,,1.056,,,,,1.058,,,,,1.055,,,,,1.055,,,1.051,,1.049,,,,,1.066,,,,,1.052,,,,,1.041,1.045,1.048,1.052,1.055,1.059,1.061,1.062,1.064,1.065,1.067,1.065,1.063,1.061,
"Macao SAR, China",MAC,Sex ratio at birth (male births per female births),SP.POP.BRTH.MF,,,1.05,,,,,1.05,,,,,1.05,,,,,1.05,,,,,1.05,,,,,1.05,,,1.05,,1.05,,,,,1.05,,,,,1.05,,,,,1.05,1.05,1.05,1.05,1.05,1.05,1.05,1.05,1.05,1.05,1.05,1.05,1.05,1.05,
St. Martin (French part),MAF,Sex ratio at birth (male births per female births),SP.POP.BRTH.MF,,,,,,,,,,,,,,,,,,,,,,,,,,,,,,,,,,,,,,,,,,,,,,,,,,,,,,,,,,,,,1.04,
Morocco,MAR,Sex ratio at birth (male births per female births),SP.POP.BRTH.MF,,,1.05,,,,,1.05,,,,,1.05,,,,,1.05,,,,,1.05,,,,,1.054,,,1.056,,1.058,,,,,1.061,,,,,1.062,,,,,1.059,1.059,1.059,1.06,1.06,1.06,1.06,1.06,1.06,1.06,1.06,1.06,1.06,1.06,
Monaco,MCO,Sex ratio at birth (male births per female births),SP.POP.BRTH.MF,,,,,,,,,,,,,,,,,,,,,,,,,,,,,,,,,,,,,,,,,,,,,,,,,,,,,,,,,,,,,1.048,
Moldova,MDA,Sex ratio at birth (male births per female births),SP.POP.BRTH.MF,,,1.061,,,,,1.061,,,,,1.061,,,,,1.061,,,,,1.061,,,,,1.061,,,1.059,,1.058,,,,,1.052,,,,,1.063,,,,,1.056,1.057,1.057,1.058,1.058,1.059,1.059,1.059,1.058,1.058,1.058,1.058,1.058,1.058,
Madagascar,MDG,Sex ratio at birth (male births per female births),SP.POP.BRTH.MF,,,1.016,,,,,1.016,,,,,1.016,,,,,1.016,,,,,1.016,,,,,1.016,,,1.016,,1.016,,,,,1.016,,,,,1.02,,,,,1.025,1.026,1.027,1.028,1.029,1.03,1.03,1.03,1.03,1.03,1.03,1.03,1.03,1.03,
Maldives,MDV,Sex ratio at birth (male births per female births),SP.POP.BRTH.MF,,,1.058,,,,,1.058,,,,,1.058,,,,,1.062,,,,,1.057,,,,,1.053,,,1.071,,1.083,,,,,1.062,,,,,1.057,,,,,1.064,1.067,1.07,1.074,1.077,1.08,1.078,1.077,1.075,1.074,1.072,1.071,1.07,1.07,
Middle East & North Africa,MEA,Sex ratio at birth (male births per female births),SP.POP.BRTH.MF,,,1.052734663,,,,,1.052771529,,,,,1.05278667,,,,,1.052609208,,,,,1.050071178,,,,,1.050502492,,,1.05105839,,1.051670952,,,,,1.05264937,,,,,1.0547816,,,,,1.05539033,1.05536413,1.055526543,1.055634346,1.055827163,1.055852676,1.055635149,1.055370763,1.054824059,1.054518352,1.054229,1.054218198,1.05421753,1.054225311,
Mexico,MEX,Sex ratio at birth (male births per female births),SP.POP.BRTH.MF,,,1.05,,,,,1.05,,,,,1.05,,,,,1.05,,,,,1.05,,,,,1.05,,,1.05,,1.05,,,,,1.05,,,,,1.05,,,,,1.05,1.05,1.05,1.05,1.05,1.05,1.05,1.05,1.05,1.05,1.05,1.05,1.05,1.05,
Marshall Islands,MHL,Sex ratio at birth (male births per female births),SP.POP.BRTH.MF,,,,,,,,,,,,,,,,,,,,,,,,,,,,,,,,,,,,,,,,,,,,,,,,,,,,,,,,,,,,,1.07,
Middle income,MIC,Sex ratio at birth (male births per female births),SP.POP.BRTH.MF,,,1.057357542,,,,,1.057344117,,,,,1.05750517,,,,,1.058716251,,,,,1.063280325,,,,,1.067790126,,,1.075345224,,1.079747647,,,,,1.085938955,,,,,1.088112779,,,,,1.08549978,1.084779596,1.083577596,1.082889141,1.0831907,1.08352967,1.081414855,1.081264755,1.079059376,1.07952911,1.078205617,1.076492603,1.075522558,1.073925186,
North Macedonia,MKD,Sex ratio at birth (male births per female births),SP.POP.BRTH.MF,,,1.054,,,,,1.054,,,,,1.054,,,,,1.054,,,,,1.054,,,,,1.054,,,1.054,,1.054,,,,,1.054,,,,,1.054,,,,,1.07,1.071,1.073,1.074,1.076,1.077,1.074,1.072,1.069,1.067,1.064,1.062,1.06,1.058,
Mali,MLI,Sex ratio at birth (male births per female births),SP.POP.BRTH.MF,,,1.05,,,,,1.05,,,,,1.05,,,,,1.05,,,,,1.05,,,,,1.05,,,1.05,,1.05,,,,,1.05,,,,,1.05,,,,,1.05,1.05,1.05,1.05,1.05,1.05,1.05,1.05,1.05,1.05,1.05,1.05,1.05,1.05,
Malta,MLT,Sex ratio at birth (male births per female births),SP.POP.BRTH.MF,,,1.06,,,,,1.06,,,,,1.06,,,,,1.06,,,,,1.06,,,,,1.06,,,1.06,,1.06,,,,,1.06,,,,,1.06,,,,,1.06,1.06,1.06,1.06,1.06,1.06,1.06,1.06,1.06,1.06,1.06,1.06,1.06,1.06,
Myanmar,MMR,Sex ratio at birth (male births per female births),SP.POP.BRTH.MF,,,1.03,,,,,1.03,,,,,1.03,,,,,1.03,,,,,1.03,,,,,1.03,,,1.03,,1.03,,,,,1.03,,,,,1.03,,,,,1.03,1.03,1.03,1.03,1.03,1.03,1.03,1.03,1.03,1.03,1.03,1.03,1.03,1.03,
Middle East & North Africa (excluding high income),MNA,Sex ratio at birth (male births per female births),SP.POP.BRTH.MF,,,1.053649493,,,,,1.053811278,,,,,1.054046999,,,,,1.05404325,,,,,1.051403659,,,,,1.052105747,,,1.052745919,,1.053377104,,,,,1.054514069,,,,,1.056975212,,,,,1.05767246,1.057627278,1.057764322,1.057858797,1.058024278,1.058025405,1.057751059,1.057449987,1.056814877,1.056476815,1.05613831,1.056115139,1.056101263,1.056098635,
Montenegro,MNE,Sex ratio at birth (male births per female births),SP.POP.BRTH.MF,,,1.08,,,,,1.08,,,,,1.08,,,,,1.08,,,,,1.08,,,,,1.081,,,1.089,,1.095,,,,,1.099,,,,,1.098,,,,,1.095,1.093,1.091,1.088,1.086,1.084,1.082,1.08,1.078,1.076,1.074,1.072,1.07,1.069,
Mongolia,MNG,Sex ratio at birth (male births per female births),SP.POP.BRTH.MF,,,1.03,,,,,1.03,,,,,1.03,,,,,1.03,,,,,1.03,,,,,1.03,,,1.03,,1.03,,,,,1.03,,,,,1.03,,,,,1.03,1.03,1.03,1.03,1.03,1.03,1.03,1.03,1.03,1.03,1.03,1.03,1.03,1.03,
Northern Mariana Islands,MNP,Sex ratio at birth (male births per female births),SP.POP.BRTH.MF,,,,,,,,,,,,,,,,,,,,,,,,,,,,,,,,,,,,,,,,,,,,,,,,,,,,,,,,,,,,,,
Mozambique,MOZ,Sex ratio at birth (male births per female births),SP.POP.BRTH.MF,,,1.02,,,,,1.021,,,,,1.021,,,,,1.021,,,,,1.021,,,,,1.021,,,1.02,,1.019,,,,,1.013,,,,,1.013,,,,,1.015,1.015,1.016,1.016,1.017,1.017,1.017,1.018,1.018,1.019,1.019,1.018,1.017,1.017,
Mauritania,MRT,Sex ratio at birth (male births per female births),SP.POP.BRTH.MF,,,1.05,,,,,1.05,,,,,1.05,,,,,1.05,,,,,1.05,,,,,1.05,,,1.05,,1.05,,,,,1.05,,,,,1.05,,,,,1.05,1.05,1.05,1.05,1.05,1.05,1.05,1.05,1.05,1.05,1.05,1.05,1.05,1.05,
Mauritius,MUS,Sex ratio at birth (male births per female births),SP.POP.BRTH.MF,,,1.042,,,,,1.042,,,,,1.042,,,,,1.042,,,,,1.042,,,,,1.042,,,1.042,,1.042,,,,,1.042,,,,,1.042,,,,,1.042,1.042,1.042,1.042,1.042,1.042,1.042,1.042,1.042,1.042,1.042,1.042,1.042,1.042,
Malawi,MWI,Sex ratio at birth (male births per female births),SP.POP.BRTH.MF,,,1.02,,,,,1.02,,,,,1.02,,,,,1.02,,,,,1.02,,,,,1.02,,,1.02,,1.02,,,,,1.02,,,,,1.02,,,,,1.025,1.026,1.027,1.028,1.029,1.03,1.03,1.03,1.03,1.03,1.03,1.03,1.03,1.03,
Malaysia,MYS,Sex ratio at birth (male births per female births),SP.POP.BRTH.MF,,,1.06,,,,,1.06,,,,,1.06,,,,,1.06,,,,,1.06,,,,,1.06,,,1.06,,1.06,,,,,1.06,,,,,1.06,,,,,1.06,1.06,1.06,1.06,1.06,1.06,1.06,1.06,1.06,1.06,1.06,1.06,1.06,1.06,
North America,NAC,Sex ratio at birth (male births per female births),SP.POP.BRTH.MF,,,1.050504648,,,,,1.052285141,,,,,1.053681685,,,,,1.052398283,,,,,1.051466763,,,,,1.050182008,,,1.049453055,,1.049628851,,,,,1.048497296,,,,,1.048453551,,,,,1.048393884,1.048408747,1.048420229,1.048514862,1.048522832,1.048528312,1.048528933,1.048526377,1.047525815,1.047531091,1.047536096,1.047629069,1.047633203,1.047720338,
Namibia,NAM,Sex ratio at birth (male births per female births),SP.POP.BRTH.MF,,,1.012,,,,,1.012,,,,,1.011,,,,,1.009,,,,,1.007,,,,,1.004,,,1.004,,1.004,,,,,1.006,,,,,1.008,,,,,1.009,1.009,1.009,1.009,1.009,1.009,1.009,1.01,1.01,1.011,1.011,1.011,1.01,1.01,
New Caledonia,NCL,Sex ratio at birth (male births per female births),SP.POP.BRTH.MF,,,1.05,,,,,1.05,,,,,1.05,,,,,1.05,,,,,1.05,,,,,1.05,,,1.05,,1.05,,,,,1.05,,,,,1.05,,,,,1.05,1.05,1.05,1.05,1.05,1.05,1.05,1.05,1.05,1.05,1.05,1.05,1.05,1.05,
Niger,NER,Sex ratio at birth (male births per female births),SP.POP.BRTH.MF,,,1.05,,,,,1.05,,,,,1.05,,,,,1.05,,,,,1.05,,,,,1.05,,,1.05,,1.05,,,,,1.05,,,,,1.05,,,,,1.05,1.05,1.05,1.05,1.05,1.05,1.05,1.05,1.05,1.05,1.05,1.05,1.05,1.05,
Nigeria,NGA,Sex ratio at birth (male births per female births),SP.POP.BRTH.MF,,,1.059,,,,,1.059,,,,,1.059,,,,,1.059,,,,,1.059,,,,,1.059,,,1.059,,1.059,,,,,1.059,,,,,1.059,,,,,1.059,1.059,1.059,1.059,1.059,1.059,1.059,1.059,1.059,1.059,1.059,1.059,1.059,1.059,
Nicaragua,NIC,Sex ratio at birth (male births per female births),SP.POP.BRTH.MF,,,1.05,,,,,1.05,,,,,1.05,,,,,1.05,,,,,1.05,,,,,1.05,,,1.05,,1.05,,,,,1.05,,,,,1.05,,,,,1.05,1.05,1.05,1.05,1.05,1.05,1.05,1.05,1.05,1.05,1.05,1.05,1.05,1.05,
Netherlands,NLD,Sex ratio at birth (male births per female births),SP.POP.BRTH.MF,,,1.058,,,,,1.058,,,,,1.058,,,,,1.058,,,,,1.058,,,,,1.058,,,1.058,,1.058,,,,,1.058,,,,,1.058,,,,,1.058,1.057,1.057,1.056,1.056,1.055,1.055,1.054,1.054,1.053,1.053,1.052,1.052,1.051,
Norway,NOR,Sex ratio at birth (male births per female births),SP.POP.BRTH.MF,,,1.063,,,,,1.064,,,,,1.054,,,,,1.058,,,,,1.058,,,,,1.053,,,1.058,,1.061,,,,,1.058,,,,,1.051,,,,,1.056,1.056,1.055,1.055,1.054,1.054,1.055,1.056,1.056,1.057,1.058,1.058,1.058,1.058,
Nepal,NPL,Sex ratio at birth (male births per female births),SP.POP.BRTH.MF,,,1.045,,,,,1.045,,,,,1.045,,,,,1.045,,,,,1.045,,,,,1.045,,,1.05,,1.054,,,,,1.071,,,,,1.071,,,,,1.054,1.054,1.054,1.054,1.054,1.054,1.056,1.058,1.061,1.063,1.065,1.065,1.065,1.065,
Nauru,NRU,Sex ratio at birth (male births per female births),SP.POP.BRTH.MF,,,,,,,,,,,,,,,,,,,,,,,,,,,,,,,,,,,,,,,,,,,,,,,,,,,,,,,,,,,,,1.072,
New Zealand,NZL,Sex ratio at birth (male births per female births),SP.POP.BRTH.MF,,,1.056,,,,,1.05,,,,,1.05,,,,,1.052,,,,,1.056,,,,,1.051,,,1.058,,1.063,,,,,1.057,,,,,1.047,,,,,1.056,1.056,1.056,1.056,1.056,1.056,1.056,1.056,1.055,1.055,1.055,1.055,1.055,1.055,
OECD members,OED,Sex ratio at birth (male births per female births),SP.POP.BRTH.MF,,,1.054064731,,,,,1.05441479,,,,,1.054656862,,,,,1.054273148,,,,,1.054483366,,,,,1.054940992,,,1.055244627,,1.056073093,,,,,1.054105237,,,,,1.05291397,,,,,1.052034376,1.052000509,1.051921924,1.05188027,1.051787849,1.051696574,1.051662775,1.051655633,1.051347085,1.051347033,1.051361257,1.051372764,1.051365656,1.051394456,
Oman,OMN,Sex ratio at birth (male births per female births),SP.POP.BRTH.MF,,,1.05,,,,,1.05,,,,,1.05,,,,,1.05,,,,,1.05,,,,,1.05,,,1.05,,1.05,,,,,1.05,,,,,1.05,,,,,1.05,1.05,1.05,1.05,1.05,1.05,1.05,1.05,1.05,1.05,1.05,1.05,1.05,1.05,
Other small states,OSS,Sex ratio at birth (male births per female births),SP.POP.BRTH.MF,,,1.039390878,,,,,1.037270033,,,,,1.037119604,,,,,1.036520085,,,,,1.035884084,,,,,1.035734607,,,1.03586217,,1.035796985,,,,,1.034899772,,,,,1.034658401,,,,,1.034562491,1.034495161,1.03431845,1.034086165,1.033865463,1.033771185,1.033758509,1.033866837,1.033918356,1.034055903,1.034067349,1.034026159,1.033854042,1.033808349,
Pakistan,PAK,Sex ratio at birth (male births per female births),SP.POP.BRTH.MF,,,1.064,,,,,1.064,,,,,1.064,,,,,1.064,,,,,1.064,,,,,1.064,,,1.064,,1.064,,,,,1.08,,,,,1.096,,,,,1.086,1.086,1.086,1.087,1.087,1.087,1.087,1.087,1.087,1.087,1.087,1.087,1.087,1.087,
Panama,PAN,Sex ratio at birth (male births per female births),SP.POP.BRTH.MF,,,1.05,,,,,1.05,,,,,1.05,,,,,1.05,,,,,1.05,,,,,1.05,,,1.05,,1.05,,,,,1.05,,,,,1.05,,,,,1.05,1.05,1.05,1.05,1.05,1.05,1.05,1.05,1.05,1.05,1.05,1.05,1.05,1.05,
Peru,PER,Sex ratio at birth (male births per female births),SP.POP.BRTH.MF,,,1.05,,,,,1.05,,,,,1.05,,,,,1.05,,,,,1.05,,,,,1.05,,,1.05,,1.05,,,,,1.05,,,,,1.05,,,,,1.05,1.05,1.05,1.05,1.05,1.05,1.05,1.05,1.05,1.05,1.05,1.05,1.05,1.05,
Philippines,PHL,Sex ratio at birth (male births per female births),SP.POP.BRTH.MF,,,1.06,,,,,1.06,,,,,1.06,,,,,1.06,,,,,1.06,,,,,1.06,,,1.06,,1.06,,,,,1.06,,,,,1.06,,,,,1.06,1.06,1.06,1.06,1.06,1.06,1.06,1.06,1.06,1.06,1.06,1.06,1.06,1.06,
Palau,PLW,Sex ratio at birth (male births per female births),SP.POP.BRTH.MF,,,,,,,,,,,,,,,,,,,,,,,,,,,,,,,,,,,,,,,,,,,,,,,,,,,,,,,,,,,,,1.077,
Papua New Guinea,PNG,Sex ratio at birth (male births per female births),SP.POP.BRTH.MF,,,1.08,,,,,1.08,,,,,1.08,,,,,1.08,,,,,1.08,,,,,1.08,,,1.08,,1.08,,,,,1.08,,,,,1.08,,,,,1.08,1.08,1.08,1.08,1.08,1.08,1.08,1.08,1.08,1.08,1.08,1.08,1.08,1.08,
Poland,POL,Sex ratio at birth (male births per female births),SP.POP.BRTH.MF,,,1.056,,,,,1.056,,,,,1.056,,,,,1.056,,,,,1.056,,,,,1.056,,,1.056,,1.056,,,,,1.056,,,,,1.056,,,,,1.056,1.056,1.056,1.056,1.056,1.056,1.056,1.056,1.056,1.056,1.056,1.056,1.056,1.056,
Pre-demographic dividend,PRE,Sex ratio at birth (male births per female births),SP.POP.BRTH.MF,,,1.040572703,,,,,1.040562554,,,,,1.040515052,,,,,1.040431321,,,,,1.040161727,,,,,1.039775464,,,1.039614879,,1.03961483,,,,,1.039512728,,,,,1.039653137,,,,,1.03989929,1.040001423,1.040144701,1.040265306,1.040425759,1.040557021,1.040567986,1.040602066,1.040591712,1.040602523,1.040573638,1.040509091,1.040445834,1.040419736,
Puerto Rico,PRI,Sex ratio at birth (male births per female births),SP.POP.BRTH.MF,,,1.053,,,,,1.053,,,,,1.053,,,,,1.053,,,,,1.053,,,,,1.053,,,1.053,,1.053,,,,,1.053,,,,,1.053,,,,,1.053,1.053,1.053,1.053,1.053,1.053,1.053,1.053,1.053,1.053,1.053,1.053,1.053,1.053,
"Korea, Dem. People's Rep.",PRK,Sex ratio at birth (male births per female births),SP.POP.BRTH.MF,,,1.05,,,,,1.05,,,,,1.05,,,,,1.05,,,,,1.05,,,,,1.05,,,1.05,,1.05,,,,,1.05,,,,,1.05,,,,,1.05,1.05,1.05,1.05,1.05,1.05,1.05,1.05,1.05,1.05,1.05,1.05,1.05,1.05,
Portugal,PRT,Sex ratio at birth (male births per female births),SP.POP.BRTH.MF,,,1.06,,,,,1.06,,,,,1.06,,,,,1.06,,,,,1.06,,,,,1.06,,,1.06,,1.06,,,,,1.06,,,,,1.06,,,,,1.06,1.06,1.06,1.06,1.06,1.06,1.06,1.06,1.06,1.06,1.06,1.06,1.06,1.06,
Paraguay,PRY,Sex ratio at birth (male births per female births),SP.POP.BRTH.MF,,,1.05,,,,,1.05,,,,,1.05,,,,,1.05,,,,,1.05,,,,,1.05,,,1.05,,1.05,,,,,1.05,,,,,1.05,,,,,1.05,1.05,1.05,1.05,1.05,1.05,1.05,1.05,1.05,1.05,1.05,1.05,1.05,1.05,
West Bank and Gaza,PSE,Sex ratio at birth (male births per female births),SP.POP.BRTH.MF,,,1.05,,,,,1.05,,,,,1.05,,,,,1.05,,,,,1.05,,,,,1.05,,,1.05,,1.05,,,,,1.05,,,,,1.05,,,,,1.05,1.05,1.05,1.05,1.05,1.05,1.05,1.05,1.05,1.05,1.05,1.05,1.05,1.05,
Pacific island small states,PSS,Sex ratio at birth (male births per female births),SP.POP.BRTH.MF,,,1.064176281,,,,,1.064559786,,,,,1.065000942,,,,,1.064877671,,,,,1.065564033,,,,,1.065779565,,,1.065930881,,1.065993162,,,,,1.066207207,,,,,1.066379445,,,,,1.066568093,1.066584894,1.066602779,1.06662739,1.06666125,1.066703508,1.066104071,1.065490231,1.064859565,1.064213695,1.063555696,1.062888494,1.062216042,1.061540536,
Post-demographic dividend,PST,Sex ratio at birth (male births per female births),SP.POP.BRTH.MF,,,1.056041156,,,,,1.056390677,,,,,1.056612342,,,,,1.056155191,,,,,1.056535939,,,,,1.057561996,,,1.057963423,,1.059178496,,,,,1.056696311,,,,,1.054992623,,,,,1.0540371,1.054082359,1.054000696,1.054011581,1.053932323,1.053849305,1.053545638,1.053453152,1.052963548,1.052871065,1.052759799,1.052755622,1.052742796,1.052794446,
French Polynesia,PYF,Sex ratio at birth (male births per female births),SP.POP.BRTH.MF,,,1.05,,,,,1.05,,,,,1.05,,,,,1.05,,,,,1.05,,,,,1.05,,,1.05,,1.05,,,,,1.05,,,,,1.05,,,,,1.05,1.05,1.05,1.05,1.05,1.05,1.05,1.049,1.049,1.048,1.048,1.048,1.049,1.049,
Qatar,QAT,Sex ratio at birth (male births per female births),SP.POP.BRTH.MF,,,1.05,,,,,1.05,,,,,1.05,,,,,1.05,,,,,1.05,,,,,1.052,,,1.052,,1.052,,,,,1.05,,,,,1.048,,,,,1.045,1.045,1.045,1.045,1.045,1.045,1.045,1.045,1.045,1.045,1.045,1.045,1.045,1.045,
Romania,ROU,Sex ratio at birth (male births per female births),SP.POP.BRTH.MF,,,1.058,,,,,1.058,,,,,1.058,,,,,1.058,,,,,1.058,,,,,1.058,,,1.058,,1.058,,,,,1.058,,,,,1.058,,,,,1.058,1.058,1.058,1.058,1.058,1.058,1.058,1.058,1.058,1.058,1.058,1.058,1.058,1.058,
Russian Federation,RUS,Sex ratio at birth (male births per female births),SP.POP.BRTH.MF,,,1.053,,,,,1.05,,,,,1.049,,,,,1.05,,,,,1.049,,,,,1.053,,,1.056,,1.058,,,,,1.06,,,,,1.062,,,,,1.058,1.058,1.058,1.059,1.059,1.059,1.059,1.059,1.059,1.059,1.059,1.058,1.057,1.057,
Rwanda,RWA,Sex ratio at birth (male births per female births),SP.POP.BRTH.MF,,,1.01,,,,,1.01,,,,,1.01,,,,,1.01,,,,,1.01,,,,,1.01,,,1.01,,1.01,,,,,1.01,,,,,1.01,,,,,1.01,1.011,1.013,1.014,1.016,1.017,1.018,1.019,1.021,1.022,1.023,1.024,1.026,1.027,
South Asia,SAS,Sex ratio at birth (male births per female births),SP.POP.BRTH.MF,,,1.054020406,,,,,1.054784623,,,,,1.056375726,,,,,1.063982306,,,,,1.076794459,,,,,1.08270733,,,1.088546027,,1.09286472,,,,,1.098628809,,,,,1.101401194,,,,,1.091841104,1.091810261,1.091044918,1.09113355,1.09035105,1.090278744,1.090251476,1.090237146,1.090245603,1.090264341,1.090294782,1.090996823,1.091019321,1.091721618,
Saudi Arabia,SAU,Sex ratio at birth (male births per female births),SP.POP.BRTH.MF,,,1.03,,,,,1.03,,,,,1.03,,,,,1.03,,,,,1.03,,,,,1.03,,,1.03,,1.03,,,,,1.03,,,,,1.03,,,,,1.03,1.03,1.03,1.03,1.03,1.03,1.03,1.03,1.03,1.03,1.03,1.03,1.03,1.03,
Sudan,SDN,Sex ratio at birth (male births per female births),SP.POP.BRTH.MF,,,1.04,,,,,1.04,,,,,1.04,,,,,1.04,,,,,1.04,,,,,1.04,,,1.04,,1.04,,,,,1.04,,,,,1.04,,,,,1.04,1.04,1.04,1.04,1.04,1.04,1.04,1.04,1.04,1.04,1.04,1.04,1.04,1.04,
Senegal,SEN,Sex ratio at birth (male births per female births),SP.POP.BRTH.MF,,,1.036,,,,,1.036,,,,,1.036,,,,,1.036,,,,,1.036,,,,,1.036,,,1.036,,1.036,,,,,1.036,,,,,1.036,,,,,1.036,1.036,1.036,1.036,1.036,1.036,1.036,1.036,1.036,1.036,1.036,1.036,1.036,1.036,
Singapore,SGP,Sex ratio at birth (male births per female births),SP.POP.BRTH.MF,,,1.073,,,,,1.073,,,,,1.073,,,,,1.073,,,,,1.073,,,,,1.073,,,1.073,,1.073,,,,,1.073,,,,,1.073,,,,,1.073,1.073,1.073,1.073,1.073,1.073,1.073,1.073,1.073,1.073,1.073,1.073,1.073,1.073,
Solomon Islands,SLB,Sex ratio at birth (male births per female births),SP.POP.BRTH.MF,,,1.07,,,,,1.07,,,,,1.07,,,,,1.07,,,,,1.07,,,,,1.07,,,1.07,,1.07,,,,,1.07,,,,,1.07,,,,,1.07,1.07,1.07,1.07,1.07,1.07,1.069,1.068,1.067,1.066,1.065,1.064,1.063,1.062,
Sierra Leone,SLE,Sex ratio at birth (male births per female births),SP.POP.BRTH.MF,,,1.018,,,,,1.018,,,,,1.018,,,,,1.018,,,,,1.018,,,,,1.018,,,1.018,,1.018,,,,,1.018,,,,,1.018,,,,,1.018,1.018,1.018,1.018,1.018,1.018,1.018,1.018,1.018,1.018,1.018,1.018,1.018,1.018,
El Salvador,SLV,Sex ratio at birth (male births per female births),SP.POP.BRTH.MF,,,1.05,,,,,1.05,,,,,1.05,,,,,1.05,,,,,1.05,,,,,1.05,,,1.05,,1.05,,,,,1.05,,,,,1.05,,,,,1.05,1.05,1.05,1.05,1.05,1.05,1.05,1.05,1.05,1.05,1.05,1.05,1.05,1.05,
San Marino,SMR,Sex ratio at birth (male births per female births),SP.POP.BRTH.MF,,,,,,,,,,,,,,,,,,,,,,,,,,,,,,,,,,,,,,,,,,,,,,,,,,,,,,,,,,,,,1.066,
Somalia,SOM,Sex ratio at birth (male births per female births),SP.POP.BRTH.MF,,,1.03,,,,,1.03,,,,,1.03,,,,,1.03,,,,,1.03,,,,,1.03,,,1.03,,1.03,,,,,1.03,,,,,1.03,,,,,1.03,1.03,1.03,1.03,1.03,1.03,1.03,1.03,1.03,1.03,1.03,1.03,1.03,1.03,
Serbia,SRB,Sex ratio at birth (male births per female births),SP.POP.BRTH.MF,,,1.052,,,,,1.052,,,,,1.052,,,,,1.052,,,,,1.052,,,,,1.052,,,1.052,,1.052,,,,,1.052,,,,,1.062,,,,,1.07,1.07,1.07,1.071,1.071,1.071,1.071,1.072,1.072,1.073,1.073,1.07,1.068,1.065,
Sub-Saharan Africa (excluding high income),SSA,Sex ratio at birth (male births per female births),SP.POP.BRTH.MF,,,1.037973261,,,,,1.03791401,,,,,1.037857641,,,,,1.037881712,,,,,1.037788794,,,,,1.037590963,,,1.037482035,,1.037518681,,,,,1.037409455,,,,,1.037459287,,,,,1.037711288,1.037831431,1.037993197,1.038121565,1.038288867,1.038419612,1.038445397,1.038498841,1.038529442,1.038576277,1.038589725,1.038572299,1.038573792,1.038585102,
South Sudan,SDS,Sex ratio at birth (male births per female births),SP.POP.BRTH.MF,,,1.04,,,,,1.04,,,,,1.04,,,,,1.04,,,,,1.04,,,,,1.04,,,1.04,,1.04,,,,,1.04,,,,,1.04,,,,,1.04,1.04,1.04,1.04,1.04,1.04,1.04,1.04,1.04,1.04,1.04,1.04,1.04,1.04,
Sub-Saharan Africa,SSF,Sex ratio at birth (male births per female births),SP.POP.BRTH.MF,,,1.037973261,,,,,1.03791401,,,,,1.037860294,,,,,1.037883858,,,,,1.03779063,,,,,1.037592746,,,1.037483646,,1.037520221,,,,,1.037410741,,,,,1.037460444,,,,,1.037712332,1.037832484,1.037994245,1.038122542,1.038289896,1.038420628,1.03844635,1.038499771,1.038530378,1.038577232,1.038590667,1.038573233,1.038574683,1.038585955,
Small states,SST,Sex ratio at birth (male births per female births),SP.POP.BRTH.MF,,,1.043757811,,,,,1.042432448,,,,,1.042015837,,,,,1.041251168,,,,,1.040678688,,,,,1.04033213,,,1.040287246,,1.040237495,,,,,1.039568963,,,,,1.039179799,,,,,1.038889997,1.038792645,1.038620128,1.038413,1.038217679,1.038119384,1.03804694,1.038064339,1.038038118,1.038075197,1.038016936,1.037868432,1.037619261,1.037473627,
Sao Tome and Principe,STP,Sex ratio at birth (male births per female births),SP.POP.BRTH.MF,,,1.03,,,,,1.03,,,,,1.03,,,,,1.03,,,,,1.03,,,,,1.03,,,1.03,,1.03,,,,,1.03,,,,,1.03,,,,,1.03,1.03,1.03,1.03,1.03,1.03,1.03,1.03,1.03,1.03,1.03,1.03,1.03,1.03,
Suriname,SUR,Sex ratio at birth (male births per female births),SP.POP.BRTH.MF,,,1.08,,,,,1.08,,,,,1.08,,,,,1.08,,,,,1.08,,,,,1.08,,,1.08,,1.08,,,,,1.08,,,,,1.08,,,,,1.08,1.08,1.08,1.08,1.08,1.08,1.08,1.08,1.08,1.08,1.08,1.076,1.072,1.068,
Slovak Republic,SVK,Sex ratio at birth (male births per female births),SP.POP.BRTH.MF,,,1.05,,,,,1.05,,,,,1.05,,,,,1.05,,,,,1.05,,,,,1.05,,,1.05,,1.05,,,,,1.05,,,,,1.05,,,,,1.05,1.05,1.05,1.05,1.05,1.05,1.05,1.05,1.05,1.05,1.05,1.05,1.05,1.05,
Slovenia,SVN,Sex ratio at birth (male births per female births),SP.POP.BRTH.MF,,,1.054,,,,,1.054,,,,,1.078,,,,,1.069,,,,,1.055,,,,,1.055,,,1.056,,1.056,,,,,1.065,,,,,1.059,,,,,1.058,1.058,1.058,1.058,1.058,1.058,1.058,1.058,1.057,1.057,1.057,1.056,1.056,1.055,
Sweden,SWE,Sex ratio at birth (male births per female births),SP.POP.BRTH.MF,,,1.059,,,,,1.062,,,,,1.062,,,,,1.058,,,,,1.059,,,,,1.058,,,1.056,,1.054,,,,,1.056,,,,,1.061,,,,,1.06,1.06,1.059,1.059,1.058,1.058,1.058,1.059,1.059,1.06,1.06,1.06,1.06,1.06,
Eswatini,SWZ,Sex ratio at birth (male births per female births),SP.POP.BRTH.MF,,,1.027,,,,,1.027,,,,,1.028,,,,,1.028,,,,,1.027,,,,,1.027,,,1.027,,1.027,,,,,1.026,,,,,1.026,,,,,1.026,1.026,1.026,1.026,1.026,1.026,1.026,1.026,1.027,1.027,1.027,1.027,1.027,1.026,
Sint Maarten (Dutch part),SXM,Sex ratio at birth (male births per female births),SP.POP.BRTH.MF,,,,,,,,,,,,,,,,,,,,,,,,,,,,,,,,,,,,,,,,,,,,,,,,,,,,,,,,,,,,,1.039,
Seychelles,SYC,Sex ratio at birth (male births per female births),SP.POP.BRTH.MF,,,1.06,,,,,1.06,,,,,1.06,,,,,1.06,,,,,1.06,,,,,1.06,,,1.06,,1.06,,,,,1.06,,,,,1.06,,,,,1.06,1.06,1.06,1.06,1.06,1.06,1.06,1.06,1.06,1.06,1.06,1.06,1.06,1.06,
Syrian Arab Republic,SYR,Sex ratio at birth (male births per female births),SP.POP.BRTH.MF,,,1.05,,,,,1.05,,,,,1.05,,,,,1.05,,,,,1.05,,,,,1.05,,,1.05,,1.05,,,,,1.05,,,,,1.05,,,,,1.05,1.05,1.05,1.05,1.05,1.05,1.05,1.05,1.05,1.05,1.05,1.05,1.05,1.05,
Turks and Caicos Islands,TCA,Sex ratio at birth (male births per female births),SP.POP.BRTH.MF,,,,,,,,,,,,,,,,,,,,,,,,,,,,,,,,,,,,,,,,,,,,,,,,,,,,,,,,,,,,,1.049,
Chad,TCD,Sex ratio at birth (male births per female births),SP.POP.BRTH.MF,,,1.03,,,,,1.03,,,,,1.03,,,,,1.03,,,,,1.03,,,,,1.03,,,1.03,,1.03,,,,,1.03,,,,,1.03,,,,,1.03,1.03,1.03,1.03,1.03,1.03,1.03,1.03,1.03,1.03,1.03,1.03,1.03,1.03,
East Asia & Pacific (IDA & IBRD countries),TEA,Sex ratio at birth (male births per female births),SP.POP.BRTH.MF,,,1.064974504,,,,,1.064839271,,,,,1.064660199,,,,,1.062896937,,,,,1.06385427,,,,,1.070858051,,,1.086621418,,1.095678524,,,,,1.108583381,,,,,1.116089151,,,,,1.12281747,1.120839323,1.118347557,1.116188366,1.11658084,1.116436703,1.111931165,1.110870234,1.106036986,1.106040735,1.102653239,1.097785287,1.094741232,1.089493668,
Europe & Central Asia (IDA & IBRD countries),TEC,Sex ratio at birth (male births per female births),SP.POP.BRTH.MF,,,1.055384108,,,,,1.054135238,,,,,1.053142041,,,,,1.053139892,,,,,1.05294259,,,,,1.05441728,,,1.056864891,,1.05864444,,,,,1.060698312,,,,,1.062241772,,,,,1.062314004,1.062090589,1.061804906,1.062180288,1.062091086,1.061851875,1.061519666,1.061215191,1.06098478,1.060659772,1.060222518,1.059770054,1.059432081,1.059067176,
Togo,TGO,Sex ratio at birth (male births per female births),SP.POP.BRTH.MF,,,1.018,,,,,1.018,,,,,1.018,,,,,1.018,,,,,1.018,,,,,1.018,,,1.018,,1.018,,,,,1.018,,,,,1.018,,,,,1.018,1.018,1.018,1.018,1.018,1.018,1.018,1.018,1.018,1.018,1.018,1.018,1.018,1.018,
Thailand,THA,Sex ratio at birth (male births per female births),SP.POP.BRTH.MF,,,1.056,,,,,1.056,,,,,1.057,,,,,1.053,,,,,1.052,,,,,1.05,,,1.053,,1.055,,,,,1.061,,,,,1.062,,,,,1.064,1.064,1.063,1.063,1.062,1.062,1.062,1.062,1.062,1.062,1.062,1.062,1.062,1.062,
Tajikistan,TJK,Sex ratio at birth (male births per female births),SP.POP.BRTH.MF,,,1.05,,,,,1.05,,,,,1.05,,,,,1.05,,,,,1.05,,,,,1.05,,,1.053,,1.055,,,,,1.06,,,,,1.07,,,,,1.07,1.069,1.068,1.067,1.066,1.065,1.065,1.065,1.065,1.065,1.065,1.065,1.065,1.065,
Turkmenistan,TKM,Sex ratio at birth (male births per female births),SP.POP.BRTH.MF,,,1.046,,,,,1.046,,,,,1.046,,,,,1.046,,,,,1.046,,,,,1.046,,,1.046,,1.046,,,,,1.046,,,,,1.046,,,,,1.046,1.046,1.046,1.046,1.046,1.046,1.046,1.046,1.046,1.046,1.046,1.046,1.046,1.046,
Latin America & the Caribbean (IDA & IBRD countries),TLA,Sex ratio at birth (male births per female births),SP.POP.BRTH.MF,,,1.049105357,,,,,1.04915016,,,,,1.049138377,,,,,1.049106127,,,,,1.049134974,,,,,1.049121556,,,1.049101522,,1.049098966,,,,,1.049123719,,,,,1.049119426,,,,,1.049073502,1.049063756,1.049054739,1.049048683,1.049041964,1.049037187,1.049034001,1.049032019,1.049030721,1.049029458,1.049027856,1.049021543,1.049014811,1.049007739,
Timor-Leste,TLS,Sex ratio at birth (male births per female births),SP.POP.BRTH.MF,,,1.05,,,,,1.05,,,,,1.05,,,,,1.05,,,,,1.05,,,,,1.05,,,1.05,,1.05,,,,,1.05,,,,,1.05,,,,,1.05,1.05,1.05,1.05,1.05,1.05,1.05,1.05,1.05,1.05,1.05,1.05,1.05,1.05,
Middle East & North Africa (IDA & IBRD countries),TMN,Sex ratio at birth (male births per female births),SP.POP.BRTH.MF,,,1.053649493,,,,,1.053811278,,,,,1.054046999,,,,,1.05404325,,,,,1.051403659,,,,,1.052105747,,,1.052778565,,1.053421557,,,,,1.054590209,,,,,1.05709874,,,,,1.05779978,1.057747012,1.057885548,1.057980696,1.05814779,1.058147915,1.057868397,1.057561929,1.056916708,1.05657336,1.056229695,1.056206902,1.056193827,1.056192404,
Tonga,TON,Sex ratio at birth (male births per female births),SP.POP.BRTH.MF,,,1.05,,,,,1.05,,,,,1.05,,,,,1.05,,,,,1.05,,,,,1.05,,,1.05,,1.05,,,,,1.05,,,,,1.05,,,,,1.05,1.05,1.05,1.05,1.05,1.05,1.05,1.05,1.05,1.05,1.05,1.05,1.05,1.05,
South Asia (IDA & IBRD),TSA,Sex ratio at birth (male births per female births),SP.POP.BRTH.MF,,,1.054020406,,,,,1.054784623,,,,,1.056375726,,,,,1.063982306,,,,,1.076794459,,,,,1.08270733,,,1.088546027,,1.09286472,,,,,1.098628809,,,,,1.101401194,,,,,1.091841104,1.091810261,1.091044918,1.09113355,1.09035105,1.090278744,1.090251476,1.090237146,1.090245603,1.090264341,1.090294782,1.090996823,1.091019321,1.091721618,
Sub-Saharan Africa (IDA & IBRD countries),TSS,Sex ratio at birth (male births per female births),SP.POP.BRTH.MF,,,1.037973261,,,,,1.03791401,,,,,1.037860294,,,,,1.037883858,,,,,1.03779063,,,,,1.037592746,,,1.037483646,,1.037520221,,,,,1.037410741,,,,,1.037460444,,,,,1.037712332,1.037832484,1.037994245,1.038122542,1.038289896,1.038420628,1.03844635,1.038499771,1.038530378,1.038577232,1.038590667,1.038573233,1.038574683,1.038585955,
Trinidad and Tobago,TTO,Sex ratio at birth (male births per female births),SP.POP.BRTH.MF,,,1.038,,,,,1.038,,,,,1.038,,,,,1.038,,,,,1.038,,,,,1.038,,,1.038,,1.038,,,,,1.038,,,,,1.038,,,,,1.038,1.038,1.038,1.038,1.038,1.038,1.038,1.038,1.038,1.038,1.038,1.038,1.038,1.038,
Tunisia,TUN,Sex ratio at birth (male births per female births),SP.POP.BRTH.MF,,,1.047,,,,,1.048,,,,,1.054,,,,,1.057,,,,,1.058,,,,,1.068,,,1.074,,1.078,,,,,1.08,,,,,1.083,,,,,1.081,1.078,1.075,1.072,1.069,1.066,1.064,1.062,1.059,1.057,1.055,1.054,1.053,1.052,
Turkiye,TUR,Sex ratio at birth (male births per female births),SP.POP.BRTH.MF,,,1.05,,,,,1.05,,,,,1.05,,,,,1.05,,,,,1.05,,,,,1.05,,,1.05,,1.05,,,,,1.05,,,,,1.05,,,,,1.05,1.05,1.05,1.05,1.05,1.05,1.05,1.05,1.05,1.05,1.05,1.05,1.05,1.05,
Tuvalu,TUV,Sex ratio at birth (male births per female births),SP.POP.BRTH.MF,,,,,,,,,,,,,,,,,,,,,,,,,,,,,,,,,,,,,,,,,,,,,,,,,,,,,,,,,,,,,1.069,
Tanzania,TZA,Sex ratio at birth (male births per female births),SP.POP.BRTH.MF,,,1.03,,,,,1.03,,,,,1.03,,,,,1.03,,,,,1.03,,,,,1.03,,,1.03,,1.03,,,,,1.03,,,,,1.03,,,,,1.03,1.03,1.03,1.03,1.03,1.03,1.03,1.03,1.03,1.03,1.03,1.03,1.03,1.03,
Uganda,UGA,Sex ratio at birth (male births per female births),SP.POP.BRTH.MF,,,1.03,,,,,1.03,,,,,1.03,,,,,1.03,,,,,1.03,,,,,1.03,,,1.03,,1.03,,,,,1.03,,,,,1.03,,,,,1.03,1.03,1.03,1.03,1.03,1.03,1.03,1.03,1.03,1.03,1.03,1.03,1.03,1.03,
Ukraine,UKR,Sex ratio at birth (male births per female births),SP.POP.BRTH.MF,,,1.063,,,,,1.059,,,,,1.054,,,,,1.052,,,,,1.054,,,,,1.057,,,1.058,,1.059,,,,,1.064,,,,,1.064,,,,,1.063,1.064,1.064,1.065,1.065,1.066,1.065,1.064,1.064,1.063,1.062,1.062,1.062,1.062,
Upper middle income,UMC,Sex ratio at birth (male births per female births),SP.POP.BRTH.MF,,,1.062637855,,,,,1.062527522,,,,,1.062281936,,,,,1.060155239,,,,,1.060946346,,,,,1.067305099,,,1.080985279,,1.08869217,,,,,1.099930534,,,,,1.105827296,,,,,1.1098588,1.107946438,1.105593732,1.103691666,1.104574793,1.104753333,1.100111908,1.099471838,1.094430563,1.095153577,1.092008224,1.0873005,1.084810054,1.079727557,
Uruguay,URY,Sex ratio at birth (male births per female births),SP.POP.BRTH.MF,,,1.05,,,,,1.05,,,,,1.05,,,,,1.05,,,,,1.05,,,,,1.05,,,1.05,,1.05,,,,,1.05,,,,,1.05,,,,,1.05,1.05,1.05,1.05,1.05,1.05,1.05,1.05,1.05,1.05,1.05,1.05,1.05,1.05,
United States,USA,Sex ratio at birth (male births per female births),SP.POP.BRTH.MF,,,1.05,,,,,1.052,,,,,1.053,,,,,1.052,,,,,1.051,,,,,1.05,,,1.049,,1.049,,,,,1.048,,,,,1.048,,,,,1.048,1.048,1.048,1.048,1.048,1.048,1.048,1.048,1.047,1.047,1.047,1.047,1.047,1.047,
Uzbekistan,UZB,Sex ratio at birth (male births per female births),SP.POP.BRTH.MF,,,1.05,,,,,1.05,,,,,1.05,,,,,1.05,,,,,1.05,,,,,1.05,,,1.061,,1.069,,,,,1.061,,,,,1.064,,,,,1.067,1.066,1.065,1.064,1.063,1.062,1.062,1.062,1.062,1.062,1.062,1.062,1.062,1.062,
St. Vincent and the Grenadines,VCT,Sex ratio at birth (male births per female births),SP.POP.BRTH.MF,,,1.03,,,,,1.03,,,,,1.03,,,,,1.03,,,,,1.03,,,,,1.03,,,1.03,,1.03,,,,,1.03,,,,,1.03,,,,,1.03,1.03,1.03,1.03,1.03,1.03,1.03,1.03,1.03,1.03,1.03,1.03,1.03,1.03,
"Venezuela, RB",VEN,Sex ratio at birth (male births per female births),SP.POP.BRTH.MF,,,1.05,,,,,1.05,,,,,1.05,,,,,1.05,,,,,1.05,,,,,1.05,,,1.05,,1.05,,,,,1.05,,,,,1.05,,,,,1.05,1.05,1.05,1.05,1.05,1.05,1.05,1.05,1.05,1.05,1.05,1.05,1.05,1.05,
British Virgin Islands,VGB,Sex ratio at birth (male births per female births),SP.POP.BRTH.MF,,,,,,,,,,,,,,,,,,,,,,,,,,,,,,,,,,,,,,,,,,,,,,,,,,,,,,,,,,,,,1.053,
Virgin Islands (U.S.),VIR,Sex ratio at birth (male births per female births),SP.POP.BRTH.MF,,,1.06,,,,,1.06,,,,,1.06,,,,,1.06,,,,,1.06,,,,,1.06,,,1.06,,1.06,,,,,1.06,,,,,1.06,,,,,1.06,1.06,1.06,1.06,1.06,1.06,1.06,1.06,1.06,1.06,1.06,1.06,1.06,1.06,
Vietnam,VNM,Sex ratio at birth (male births per female births),SP.POP.BRTH.MF,,,1.064,,,,,1.064,,,,,1.064,,,,,1.064,,,,,1.065,,,,,1.064,,,1.065,,1.066,,,,,1.07,,,,,1.081,,,,,1.115,1.117,1.119,1.121,1.123,1.125,1.125,1.124,1.124,1.123,1.123,1.118,1.113,1.109,
Vanuatu,VUT,Sex ratio at birth (male births per female births),SP.POP.BRTH.MF,,,1.07,,,,,1.07,,,,,1.07,,,,,1.07,,,,,1.07,,,,,1.07,,,1.07,,1.07,,,,,1.07,,,,,1.07,,,,,1.07,1.07,1.07,1.07,1.07,1.07,1.069,1.068,1.067,1.066,1.065,1.064,1.063,1.062,
World,WLD,Sex ratio at birth (male births per female births),SP.POP.BRTH.MF,,,1.055694388,,,,,1.055676876,,,,,1.055731687,,,,,1.056399061,,,,,1.060004349,,,,,1.063588692,,,1.069355953,,1.07267449,,,,,1.076760234,,,,,1.077606317,,,,,1.075019823,1.074402861,1.07344664,1.072863437,1.073194513,1.073517539,1.071738906,1.07163452,1.069726769,1.070165184,1.069044306,1.06755954,1.066746925,1.065368677,
Samoa,WSM,Sex ratio at birth (male births per female births),SP.POP.BRTH.MF,,,1.08,,,,,1.08,,,,,1.08,,,,,1.08,,,,,1.08,,,,,1.08,,,1.08,,1.08,,,,,1.08,,,,,1.08,,,,,1.08,1.08,1.08,1.08,1.08,1.08,1.08,1.08,1.08,1.08,1.08,1.08,1.08,1.08,
Kosovo,XKX,Sex ratio at birth (male births per female births),SP.POP.BRTH.MF,,,,,,,,,,,,,,,,,,,,,,,,,,,,,,,,,,,,,,,,,,,,,,,,,,,,,,,,,,,,,1.069,
"Yemen, Rep.",YEM,Sex ratio at birth (male births per female births),SP.POP.BRTH.MF,,,1.05,,,,,1.05,,,,,1.05,,,,,1.05,,,,,1.05,,,,,1.05,,,1.05,,1.05,,,,,1.05,,,,,1.05,,,,,1.05,1.05,1.05,1.05,1.05,1.05,1.05,1.05,1.05,1.05,1.05,1.05,1.05,1.05,
South Africa,ZAF,Sex ratio at birth (male births per female births),SP.POP.BRTH.MF,,,1.032,,,,,1.032,,,,,1.032,,,,,1.033,,,,,1.033,,,,,1.032,,,1.031,,1.031,,,,,1.03,,,,,1.031,,,,,1.031,1.031,1.031,1.031,1.031,1.031,1.031,1.031,1.031,1.031,1.031,1.031,1.031,1.031,
Zambia,ZMB,Sex ratio at birth (male births per female births),SP.POP.BRTH.MF,,,1.032,,,,,1.032,,,,,1.032,,,,,1.033,,,,,1.033,,,,,1.032,,,1.031,,1.031,,,,,1.03,,,,,1.031,,,,,1.031,1.031,1.031,1.031,1.031,1.031,1.031,1.031,1.031,1.031,1.031,1.031,1.031,1.031,
Zimbabwe,ZWE,Sex ratio at birth (male births per female births),SP.POP.BRTH.MF,,,1.03,,,,,1.03,,,,,1.03,,,,,1.03,,,,,1.03,,,,,1.03,,,1.03,,1.03,,,,,1.03,,,,,1.021,,,,,1.02,1.02,1.02,1.02,1.02,1.02,1.02,1.02,1.02,1.02,1.02,1.02,1.021,1.021,
